subj,ch_name,el_p,sh_p
S0004,LHippo1,0.483,0.595
S0004,LHippo2,0.523,0.487
S0004,LHippo3,0.47,0.458
S0004,LHippo4,0.482,0.398
S0004,LHippo5,0.52,0.373
S0004,LHippo6,0.564,0.444
S0004,LHippo7,0.528,0.536
S0004,LHippo8,0.525,0.625
S0004,LHippo9,0.429,0.53
S0004,LHippo10,0.522,0.616
S0004,RHippo1,0.359,0.288
S0004,RHippo2,0.339,0.299
S0004,RHippo3,0.35,0.313
S0004,RHippo4,0.415,0.362
S0004,RHippo5,0.359,0.275
S0004,RHippo6,0.272,0.233
S0004,RHippo7,0.347,0.368
S0004,RHippo8,0.423,0.491
S0004,RHippo10,0.261,0.34
S0004,RAntTm1,0.364,0.452
S0004,RAntTm2,0.473,0.429
S0004,RAntTm3,0.461,0.447
S0004,RAntTm4,0.377,0.369
S0004,RAntTm5,0.465,0.379
S0004,RAntTm6,0.407,0.237
S0004,RAntTm7,0.461,0.281
S0004,RAntTm8,0.493,0.372
S0004,RAntTm9,0.431,0.416
S0004,RAntTm10,0.415,0.27
S0004,RMdTm51,0.326,0.363
S0004,RMdTm52,0.249,0.166
S0004,RMdTm53,0.221,0.188
S0004,RMdTm54,0.189,0.074
S0004,RMdTm55,0.044,0.166
S0004,RMdTm56,0.118,0.063
S0004,RMdTm57,0.031,0.012
S0004,RMdTm58,0.019,0.015
S0004,RMdTm71,0.453,0.408
S0004,RMdTm72,0.415,0.302
S0004,RMdTm73,0.343,0.28
S0004,RMdTm74,0.359,0.327
S0004,RMdTm75,0.44,0.323
S0004,RMdTm76,0.349,0.397
S0004,RMdTm77,0.254,0.182
S0004,RMdTm78,0.056,0.054
S0004,RInTm51,0.274,0.269
S0004,RInTm52,0.284,0.186
S0004,RInTm53,0.22,0.141
S0004,RInTm54,0.122,0.099
S0004,RInTm55,0.073,0.077
S0004,RInTm56,0.085,0.077
S0004,RInTm57,0.456,0.611
S0004,RInTm58,0.412,0.534
S0004,RSpTm51,0.263,0.236
S0004,RSpTm52,0.309,0.548
S0004,RSpTm53,0.114,0.113
S0004,RSpTm54,0.221,0.227
S0004,RSpTm55,0.257,0.225
S0004,RSpTm56,0.076,0.08
S0004,RSpTm57,0.0,0.0
S0004,RSpTm58,0.0,0.0
S0004,RSpTm71,0.294,0.371
S0004,RSpTm72,0.28,0.356
S0004,RSpTm73,0.869,0.923
S0004,RSpTm74,0.787,0.901
S0004,RSpTm75,0.422,0.674
S0004,RSpTm76,0.389,0.462
S0004,RSpTm77,0.268,0.323
S0004,RInIns3,0.54,0.4
S0004,RInIns4,0.09,0.16
S0004,RInIns5,0.043,0.089
S0004,RInIns7,0.005,0.006
S0004,RInIns8,0.004,0.005
S0004,RSpIns1,0.188,0.093
S0004,RSpIns2,0.279,0.52
S0004,RSpIns3,0.34,0.443
S0004,RSpIns4,0.274,0.363
S0004,RSpIns5,0.153,0.116
S0004,RSpIns6,0.215,0.091
S0004,RSpIns7,0.214,0.302
S0004,RSpIns8,0.056,0.028
S0006,RAST1,0.38,0.505
S0006,RAST2,0.239,0.283
S0006,RAST3,0.199,0.201
S0006,RAST5,0.234,0.186
S0006,RAST6,0.167,0.204
S0006,RAST7,0.286,0.303
S0006,RAST8,0.325,0.258
S0006,RAST9,0.391,0.2
S0006,RAST10,0.279,0.066
S0006,RAST11,0.382,0.384
S0006,RAST12,0.433,0.573
S0006,RMST1,0.263,0.298
S0006,RMST2,0.251,0.293
S0006,RMST3,0.307,0.305
S0006,RMST4,0.276,0.333
S0006,RMST5,0.146,0.198
S0006,RMST6,0.115,0.298
S0006,RMST7,0.097,0.258
S0006,RMST8,0.078,0.096
S0006,RMST9,0.002,0.001
S0006,RMST10,0.0,0.0
S0006,RMST11,0.013,0.0
S0006,RMST12,0.03,0.012
S0006,RMST13,0.128,0.224
S0006,RMST14,0.277,0.609
S0006,RPST1,0.597,0.752
S0006,RPST2,0.335,0.405
S0006,RPST3,0.313,0.533
S0006,RPST4,0.287,0.412
S0006,RPST5,0.442,0.282
S0006,RPST6,0.244,0.163
S0006,RPST7,0.126,0.024
S0006,RPST8,0.122,0.053
S0006,RPST9,0.195,0.214
S0006,RPST10,0.195,0.165
S0006,RPST11,0.03,0.049
S0006,RPST12,0.36,0.506
S0006,RPPST1,0.492,0.597
S0006,RPPST2,0.615,0.673
S0006,RPPST3,0.653,0.792
S0006,RPPST4,0.565,0.591
S0006,RPPST5,0.389,0.388
S0006,RPPST6,0.4,0.38
S0006,RPPST7,0.216,0.207
S0006,RPPST8,0.085,0.002
S0006,RPPST9,0.002,0.0
S0006,RPPST10,0.002,0.0
S0006,RPPST11,0.001,0.0
S0006,RPPST13,0.0,0.0
S0006,RPPST14,0.0,0.0
S0006,RPPST15,0.0,0.0
S0006,RPPST16,0.267,0.567
S0006,RAIF1,0.309,0.251
S0006,RAIF2,0.067,0.047
S0006,RAIF3,0.258,0.273
S0006,RAIF4,0.317,0.156
S0006,RAIF5,0.438,0.239
S0006,RAIF6,0.414,0.136
S0006,RAIF7,0.472,0.365
S0006,RAIF8,0.578,0.58
S0006,RPI1,0.209,0.301
S0006,RPI2,0.19,0.206
S0006,RPI3,0.165,0.259
S0006,RPI4,0.429,0.492
S0006,RPI5,0.3,0.319
S0006,RPI6,0.142,0.184
S0006,RPI7,0.249,0.287
S0006,RPI8,0.087,0.096
S0006,RPI9,0.092,0.069
S0006,RPI10,0.001,0.002
S0006,RPI11,0.006,0.01
S0006,RPI12,0.081,0.127
S0006,RPI13,0.199,0.307
S0006,RPI14,0.278,0.456
S0006,RPI15,0.431,0.512
S0006,RPI16,0.525,0.648
S0006,ROF1,0.156,0.283
S0006,ROF2,0.335,0.446
S0006,ROF3,0.29,0.472
S0006,ROF4,0.286,0.38
S0006,ROF5,0.258,0.288
S0006,ROF6,0.261,0.292
S0006,ROF7,0.262,0.327
S0006,ROF8,0.305,0.348
S0006,ROF9,0.269,0.315
S0006,ROF10,0.338,0.35
S0006,ROF11,0.325,0.398
S0006,ROF12,0.343,0.565
S0006,ROF13,0.282,0.477
S0006,ROF14,0.51,0.576
S0006,ROF15,0.57,0.821
S0006,ROF16,0.455,0.595
S0006,RAC1,0.48,0.568
S0006,RAC2,0.575,0.671
S0006,RAC3,0.578,0.724
S0006,RAC4,0.526,0.731
S0006,RAC5,0.392,0.514
S0006,RAC6,0.298,0.298
S0006,RAC7,0.343,0.396
S0006,RAC8,0.451,0.56
S0006,RAC9,0.598,0.492
S0006,RAC10,0.619,0.361
S0006,RAC11,0.592,0.35
S0006,RAC12,0.442,0.347
S0007,AMF-AC1,0.328,0.588
S0007,AMF-AC2,0.418,0.759
S0007,AMF-AC3,0.495,0.738
S0007,AMF-AC4,0.523,0.781
S0007,AMF-AC5,0.436,0.742
S0007,AMF-AC6,0.386,0.724
S0007,AMF-AC7,0.278,0.34
S0007,AMF-AC8,0.378,0.619
S0007,AMF-AC9,0.287,0.666
S0007,AMF-AC10,0.295,0.295
S0007,AMF-AC11,0.325,0.706
S0007,AMF-AC12,0.411,0.534
S0007,AMF-AC13,0.43,0.687
S0007,AMF-AC14,0.544,0.715
S0007,MSF-MC1,0.314,0.566
S0007,MSF-MC2,0.497,0.853
S0007,MSF-MC3,0.41,0.716
S0007,MSF-MC4,0.43,0.725
S0007,MSF-MC5,0.473,0.571
S0007,MSF-MC6,0.423,0.585
S0007,MSF-MC7,0.438,0.692
S0007,MSF-MC8,0.461,0.546
S0007,MSF-MC9,0.454,0.444
S0007,MSF-MC10,0.387,0.555
S0007,AIF-OF1,0.227,0.346
S0007,AIF-OF2,0.261,0.33
S0007,AIF-OF3,0.243,0.494
S0007,AIF-OF4,0.362,0.43
S0007,AIF-OF5,0.334,0.431
S0007,AIF-OF6,0.359,0.477
S0007,AIF-OF7,0.49,0.536
S0007,AIF-OF8,0.44,0.364
S0007,AIF-OF9,0.401,0.472
S0007,AIF-OF10,0.326,0.384
S0007,AIF-OF11,0.318,0.515
S0007,AIF-OF12,0.277,0.401
S0007,AIF-OF13,0.369,0.481
S0007,AIF-OF14,0.529,0.66
S0007,ASF-AI1,0.79,0.906
S0007,ASF-AI2,0.783,0.914
S0007,ASF-AI3,0.753,0.916
S0007,ASF-AI4,0.699,0.851
S0007,ASF-AI5,0.457,0.677
S0007,ASF-AI6,0.664,0.704
S0007,ASF-AI7,0.608,0.804
S0007,ASF-AI8,0.69,0.723
S0007,ASF-AI9,0.404,0.426
S0007,ASF-AI10,0.446,0.687
S0007,ASF-AI11,0.389,0.647
S0007,ASF-AI12,0.268,0.417
S0007,ASF-AI13,0.431,0.501
S0007,ASF-AI14,0.509,0.572
S0007,ASF-AI15,0.482,0.757
S0007,ASF-AI16,0.645,0.82
S0007,PSF-PI1,0.065,0.119
S0007,PSF-PI2,0.001,0.004
S0007,PSF-PI3,0.0,0.0
S0007,PSF-PI4,0.0,0.0
S0007,PSF-PI5,0.0,0.0
S0007,PSF-PI6,0.01,0.015
S0007,PSF-PI7,0.231,0.307
S0007,PSF-PI8,0.159,0.275
S0007,PSF-PI9,0.328,0.638
S0007,PSF-PI10,0.366,0.84
S0007,PSF-PI11,0.391,0.8
S0007,PSF-PI12,0.709,0.924
S0007,PSF-PI13,0.268,0.495
S0007,PSF-PI14,0.605,0.685
S0007,PSF-PI15,0.753,0.803
S0007,MMF-PL1,0.588,0.844
S0007,MMF-PL2,0.4,0.69
S0007,MMF-PL3,0.378,0.501
S0007,MMF-PL4,0.166,0.116
S0007,MMF-PL5,0.113,0.157
S0007,MMF-PL6,0.206,0.296
S0007,MMF-PL7,0.405,0.465
S0007,MMF-PL8,0.575,0.56
S0007,MMF-PL9,0.191,0.193
S0007,MMF-PL10,0.168,0.513
S0007,AMF-AI1,0.588,0.755
S0007,AMF-AI3,0.032,0.07
S0007,AMF-AI4,0.0,0.001
S0007,AMF-AI5,0.0,0.001
S0007,AMF-AI6,0.021,0.068
S0007,AMF-AI7,0.129,0.186
S0007,AMF-AI8,0.351,0.598
S0007,LMF-PV1,0.496,0.74
S0007,LMF-PV2,0.532,0.802
S0007,LMF-PV3,0.538,0.817
S0007,LMF-PV4,0.553,0.819
S0007,LMF-PV5,0.51,0.769
S0007,LMF-PV6,0.462,0.726
S0007,LMF-PV7,0.417,0.652
S0007,LMF-PV8,0.453,0.687
S0007,LMF-PV9,0.464,0.586
S0007,LMF-PV10,0.492,0.628
S0010,LAC1,0.329,0.212
S0010,LAC2,0.375,0.379
S0010,LAC3,0.381,0.436
S0010,LAC4,0.405,0.421
S0010,LAC5,0.324,0.314
S0010,LAC6,0.512,0.48
S0010,LAC7,0.47,0.476
S0010,LAC8,0.499,0.477
S0010,LAC9,0.489,0.438
S0010,LAC10,0.485,0.466
S0010,LAH1,0.446,0.547
S0010,LAH2,0.483,0.505
S0010,LAH3,0.513,0.495
S0010,LAH4,0.493,0.465
S0010,LAH5,0.436,0.414
S0010,LAH6,0.381,0.437
S0010,LAH7,0.371,0.414
S0010,LAH8,0.212,0.345
S0010,LAH9,0.172,0.215
S0010,LAH10,0.109,0.105
S0010,LAH11,0.203,0.203
S0010,LAH12,0.265,0.295
S0010,LAH13,0.224,0.342
S0010,LAH14,0.292,0.539
S0010,RAC1,0.364,0.313
S0010,RAC2,0.29,0.264
S0010,RAC3,0.449,0.339
S0010,RAC4,0.312,0.308
S0010,RAC5,0.305,0.311
S0010,RAC6,0.535,0.414
S0010,RAC7,0.458,0.407
S0010,RAC8,0.463,0.46
S0010,RAC9,0.349,0.276
S0010,RAC10,0.555,0.434
S0010,RAC11,0.474,0.412
S0010,RAC12,0.635,0.65
S0010,RAI1,0.459,0.574
S0010,RAI2,0.216,0.287
S0010,RAI3,0.622,0.458
S0010,RAI4,0.584,0.564
S0010,RAI5,0.448,0.373
S0010,RAI6,0.531,0.458
S0010,RAI7,0.21,0.129
S0010,RAI8,0.145,0.209
S0010,RAI9,0.207,0.391
S0010,RAI10,0.398,0.598
S0010,RAMG1,0.424,0.314
S0010,RAMG2,0.378,0.239
S0010,RAMG3,0.46,0.282
S0010,RAMG4,0.522,0.359
S0010,RAMG5,0.471,0.258
S0010,RAMG6,0.425,0.293
S0010,RAMG7,0.462,0.339
S0010,RAMG8,0.392,0.297
S0010,RAMG9,0.419,0.327
S0010,RAMG10,0.335,0.346
S0010,RAMG11,0.341,0.393
S0010,RAMG12,0.335,0.396
S0010,RLOF1,0.342,0.498
S0010,RLOF2,0.447,0.62
S0010,RLOF3,0.646,0.645
S0010,RLOF4,0.722,0.525
S0010,RLOF5,0.618,0.582
S0010,RLOF6,0.553,0.609
S0010,RLOF7,0.493,0.567
S0010,RLOF8,0.504,0.556
S0010,RLOF9,0.554,0.666
S0010,RLOF10,0.312,0.398
S0010,RLOF11,0.504,0.416
S0010,RLOF12,0.394,0.504
S0010,LLOF1,0.417,0.344
S0010,LLOF2,0.502,0.421
S0010,LLOF3,0.538,0.599
S0010,LLOF4,0.453,0.44
S0010,LLOF5,0.485,0.471
S0010,LLOF6,0.491,0.447
S0010,LLOF7,0.495,0.463
S0010,LLOF9,0.494,0.493
S0010,LLOF10,0.514,0.518
S0010,LLOF11,0.54,0.575
S0010,LLOF12,0.504,0.593
S0010,LLOF13,0.507,0.631
S0010,LLOF14,0.543,0.613
S0010,RMC1,0.509,0.345
S0010,RMC2,0.482,0.353
S0010,RMC3,0.312,0.384
S0010,RMC4,0.522,0.596
S0010,RMC5,0.568,0.466
S0010,RMC6,0.372,0.412
S0010,RMC7,0.394,0.379
S0010,RMC8,0.273,0.305
S0010,RMC9,0.451,0.384
S0010,RMC10,0.288,0.101
S0010,RMC11,0.465,0.443
S0010,RMC12,0.461,0.371
S0010,RMH1,0.32,0.151
S0010,RMH2,0.294,0.137
S0010,RMH3,0.263,0.119
S0010,RMH4,0.292,0.119
S0010,RMH5,0.204,0.121
S0010,RMH6,0.192,0.176
S0010,RMH7,0.33,0.248
S0010,RMH8,0.311,0.357
S0010,RMH9,0.235,0.294
S0010,RMH10,0.118,0.184
S0010,RMH11,0.157,0.193
S0010,RMH12,0.178,0.296
S0010,RMOF1,0.513,0.388
S0010,RMOF2,0.537,0.48
S0010,RMOF3,0.439,0.377
S0010,RMOF4,0.424,0.385
S0010,RMOF5,0.499,0.407
S0010,RMOF6,0.449,0.367
S0010,RMOF7,0.436,0.345
S0010,RMOF8,0.418,0.404
S0010,RMOF9,0.51,0.349
S0010,RMOF10,0.549,0.636
S0010,RMOF11,0.261,0.522
S0010,RMOF12,0.419,0.603
S0010,RMOF13,0.56,0.716
S0010,RMOF14,0.668,0.518
S0010,RMOF15,0.444,0.452
S0010,RMOF16,0.555,0.551
S0010,RPA4,0.521,0.283
S0010,RPI1,0.194,0.223
S0010,RPI2,0.386,0.482
S0010,RPI3,0.374,0.591
S0010,RPI4,0.439,0.47
S0010,RPI5,0.255,0.226
S0010,RPI6,0.264,0.32
S0010,RPI7,0.389,0.414
S0010,RPI8,0.356,0.443
S0010,RPI9,0.361,0.55
S0010,RPI10,0.379,0.453
S0010,RPI11,0.302,0.453
S0010,RPI12,0.381,0.562
S0010,RTP1,0.342,0.181
S0010,RTP2,0.429,0.317
S0010,RTP3,0.484,0.357
S0010,RTP4,0.534,0.418
S0010,RTP5,0.448,0.477
S0010,RTP6,0.528,0.56
S0010,RTP7,0.471,0.615
S0010,RTP8,0.473,0.507
S0010,RTP9,0.454,0.556
S0010,RTP10,0.354,0.62
S0014,MTG-AH1,0.383,0.221
S0014,MTG-AH2,0.387,0.13
S0014,MTG-AH3,0.598,0.34
S0014,MTG-AH4,0.515,0.285
S0014,MTG-AH5,0.489,0.4
S0014,MTG-AH6,0.564,0.481
S0014,MTG-AH7,0.642,0.54
S0014,MTG-AH8,0.656,0.462
S0014,MTG-AH9,0.492,0.23
S0014,MTG-AH10,0.182,0.4
S0014,MTG-AH11,0.124,0.192
S0014,MTG-AH12,0.341,0.374
S0014,MTG-AH13,0.478,0.285
S0014,MTG-AH14,0.389,0.266
S0014,MTG-AH15,0.581,0.328
S0014,STG-HG1,0.001,0.001
S0014,STG-HG2,0.0,0.0
S0014,STG-HG3,0.0,0.0
S0014,STG-HG4,0.0,0.001
S0014,STG-HG5,0.0,0.0
S0014,STG-HG6,0.001,0.0
S0014,STG-HG7,0.021,0.007
S0014,STG-HG8,0.559,0.218
S0014,MTG-PH1,0.65,0.275
S0014,MTG-PH2,0.445,0.315
S0014,MTG-PH3,0.449,0.423
S0014,MTG-PH4,0.705,0.444
S0014,MTG-PH5,0.557,0.363
S0014,MTG-PH6,0.569,0.374
S0014,MTG-PH7,0.642,0.439
S0014,MTG-PH8,0.713,0.434
S0014,MTG-PH9,0.649,0.452
S0014,MTG-PH10,0.663,0.25
S0014,MTG-PH11,0.678,0.241
S0014,AG-PI1,0.12,0.172
S0014,AG-PI2,0.069,0.091
S0014,AG-PI3,0.068,0.088
S0014,AG-PI4,0.009,0.156
S0014,AG-PI5,0.05,0.259
S0014,AG-PI6,0.07,0.18
S0014,AG-PI7,0.294,0.567
S0014,AG-PI8,0.536,0.568
S0014,AG-PI9,0.718,0.783
S0014,AG-PI10,0.504,0.781
S0014,AG-PI11,0.477,0.703
S0014,AG-PI12,0.718,0.579
S0014,AG-PI14,0.892,0.587
S0014,IMF-AI1,0.493,0.532
S0014,IMF-AI2,0.482,0.432
S0014,IMF-AI3,0.821,0.5
S0014,IMF-AI4,0.84,0.493
S0014,IMF-AI5,0.929,0.581
S0014,IMF-AI6,0.913,0.546
S0014,IMF-AI7,0.938,0.476
S0014,IMF-AI8,0.864,0.619
S0014,IMF-AI9,0.88,0.457
S0014,IMF-AI10,0.885,0.252
S0014,SMFMOF1,0.652,0.263
S0014,SMFMOF2,0.838,0.423
S0014,SMFMOF3,0.527,0.384
S0014,SMFMOF4,0.637,0.374
S0014,SMFMOF5,0.731,0.459
S0014,SMFMOF6,0.612,0.455
S0014,SMFMOF7,0.774,0.518
S0014,SMFMOF8,0.721,0.471
S0014,SMFMOF9,0.758,0.507
S0014,SMFMOF10,0.784,0.466
S0014,SMFMOF11,0.698,0.563
S0014,SMFMOF12,0.513,0.689
S0014,SMFMOF13,0.51,0.638
S0014,SMFMOF14,0.786,0.575
S0014,SMFMOF15,0.788,0.54
S0014,SMFMOF16,0.767,0.458
S0014,MAFLOF1,0.31,0.426
S0014,MAFLOF2,0.515,0.347
S0014,MAFLOF3,0.755,0.556
S0014,MAFLOF4,0.822,0.514
S0014,MAFLOF5,0.858,0.499
S0014,MAFLOF6,0.934,0.539
S0014,MAFLOF7,0.835,0.571
S0014,MAFLOF8,0.769,0.671
S0014,MAFLOF9,0.616,0.48
S0014,MAFLOF10,0.544,0.425
S0014,MAFLOF11,0.71,0.687
S0014,MAFLOF12,0.877,0.414
S0014,MAFLOF13,0.726,0.307
S0014,MAFLOF14,0.874,0.45
S0014,MAFLOF15,0.764,0.499
S0014,MAFLOF16,0.914,0.321
S0014,MPF-AC1,0.663,0.537
S0014,MPF-AC2,0.704,0.512
S0014,MPF-AC3,0.729,0.495
S0014,MPF-AC4,0.747,0.476
S0014,MPF-AC5,0.747,0.536
S0014,MPF-AC6,0.752,0.519
S0014,MPF-AC7,0.775,0.475
S0014,MPF-AC8,0.797,0.507
S0014,MPF-AC9,0.788,0.539
S0014,MPF-AC10,0.835,0.535
S0014,MPF-AC11,0.652,0.454
S0014,MPF-AC12,0.387,0.445
S0014,MPF-AC13,0.492,0.383
S0014,MPF-AC14,0.814,0.5
S0015,AMT-AMG1,0.605,0.772
S0015,AMT-AMG2,0.666,0.889
S0015,AMT-AMG3,0.731,0.873
S0015,AMT-AMG4,0.757,0.918
S0015,AMT-AMG5,0.717,0.846
S0015,AMT-AMG6,0.643,0.821
S0015,AMT-AMG7,0.501,0.676
S0015,AMT-AMG8,0.508,0.625
S0015,AMT-AMG9,0.531,0.59
S0015,AMT-AMG10,0.554,0.509
S0015,AMT-AMG11,0.482,0.44
S0015,AMT-AMG12,0.546,0.455
S0015,AMT-AMG13,0.609,0.413
S0015,AMT-AMG14,0.618,0.42
S0015,MST-AHG1,0.465,0.5
S0015,MST-AHG2,0.464,0.566
S0015,MST-AHG3,0.424,0.403
S0015,MST-AHG4,0.525,0.478
S0015,MST-AHG5,0.492,0.557
S0015,MST-AHG6,0.483,0.57
S0015,MST-AHG7,0.382,0.569
S0015,MST-AHG8,0.433,0.485
S0015,MST-AHG9,0.197,0.31
S0015,MST-AHG10,0.38,0.373
S0015,MST-AHG11,0.185,0.132
S0015,MST-AHG12,0.02,0.03
S0015,MST-AHG13,0.003,0.002
S0015,MST-AHG14,0.018,0.015
S0015,PST-PHG1,0.323,0.503
S0015,PST-PHG2,0.485,0.758
S0015,PST-PHG3,0.504,0.726
S0015,PST-PHG4,0.352,0.328
S0015,PST-PHG5,0.307,0.435
S0015,PST-PHG6,0.126,0.215
S0015,PST-PHG7,0.013,0.068
S0015,PST-PHG8,0.121,0.131
S0015,PST-PHG9,0.056,0.023
S0015,PST-PHG10,0.003,0.006
S0015,PST-PHG11,0.006,0.0
S0015,PST-PHG12,0.0,0.0
S0015,PST-PHG13,0.0,0.0
S0015,PST-PHG14,0.0,0.0
S0015,MMF-LOF1,0.653,0.255
S0015,MMF-LOF2,0.393,0.478
S0015,MMF-LOF3,0.277,0.63
S0015,MMF-LOF4,0.25,0.322
S0015,MMF-LOF5,0.206,0.455
S0015,MMF-LOF6,0.402,0.406
S0015,MMF-LOF7,0.144,0.293
S0015,MMF-LOF8,0.302,0.568
S0015,MMF-LOF9,0.301,0.535
S0015,MMF-LOF10,0.548,0.677
S0015,MMF-LOF11,0.516,0.641
S0015,MMF-LOF12,0.501,0.563
S0015,MMF-LOF13,0.45,0.416
S0015,MMF-LOF14,0.275,0.235
S0015,MSF-MOF1,0.506,0.338
S0015,MSF-MOF2,0.433,0.578
S0015,MSF-MOF3,0.682,0.722
S0015,MSF-MOF4,0.473,0.629
S0015,MSF-MOF5,0.511,0.549
S0015,MSF-MOF6,0.48,0.455
S0015,MSF-MOF7,0.389,0.817
S0015,MSF-MOF8,0.442,0.534
S0015,MSF-MOF9,0.41,0.479
S0015,MSF-MOF10,0.226,0.52
S0015,MSF-MOF11,0.337,0.362
S0015,MSF-MOF12,0.366,0.68
S0015,MSF-MOF13,0.384,0.76
S0015,MSF-MOF14,0.296,0.655
S0015,MSF-MOF15,0.308,0.413
S0015,MSF-MOF16,0.369,0.712
S0015,MMF-AC1,0.422,0.752
S0015,MMF-AC2,0.417,0.729
S0015,MMF-AC3,0.264,0.665
S0015,MMF-AC4,0.294,0.671
S0015,MMF-AC5,0.298,0.592
S0015,MMF-AC6,0.312,0.666
S0015,MMF-AC7,0.257,0.498
S0015,MMF-AC8,0.231,0.482
S0015,MMF-AC9,0.357,0.439
S0015,MMF-AC10,0.445,0.741
S0015,MMF-AC11,0.353,0.615
S0015,MMF-AC12,0.268,0.571
S0015,MMF-AC13,0.551,0.444
S0015,MMF-AC14,0.479,0.396
S0015,PMF-MC1,0.544,0.619
S0015,PMF-MC2,0.383,0.599
S0015,PMF-MC3,0.348,0.628
S0015,PMF-MC4,0.352,0.665
S0015,PMF-MC5,0.337,0.612
S0015,PMF-MC6,0.352,0.542
S0015,PMF-MC7,0.319,0.526
S0015,PMF-MC8,0.337,0.44
S0015,PMF-MC9,0.316,0.376
S0015,PMF-MC10,0.319,0.27
S0015,PMF-MC11,0.37,0.392
S0015,PMF-MC12,0.574,0.824
S0015,PMF-MC13,0.43,0.615
S0015,PMF-MC14,0.452,0.629
S0015,MIF-AI1,0.397,0.569
S0015,MIF-AI2,0.323,0.334
S0015,MIF-AI3,0.291,0.647
S0015,MIF-AI4,0.305,0.444
S0015,MIF-AI5,0.433,0.41
S0015,MIF-AI6,0.394,0.497
S0015,MIF-AI7,0.525,0.451
S0015,MIF-AI8,0.463,0.303
S0015,SP-PI1,0.348,0.572
S0015,SP-PI2,0.293,0.486
S0015,SP-PI3,0.256,0.553
S0015,SP-PI4,0.133,0.373
S0015,SP-PI5,0.155,0.445
S0015,SP-PI6,0.42,0.65
S0015,SP-PI7,0.109,0.287
S0015,SP-PI8,0.037,0.181
S0015,SP-PI9,0.183,0.271
S0015,SP-PI10,0.265,0.455
S0015,SP-PI11,0.267,0.545
S0015,SP-PI12,0.582,0.754
S0015,SP-PI14,0.345,0.564
S0017,ASF-MOF1,0.69,0.766
S0017,ASF-MOF2,0.348,0.756
S0017,ASF-MOF3,0.349,0.819
S0017,ASF-MOF4,0.42,0.735
S0017,ASF-MOF5,0.405,0.68
S0017,ASF-MOF6,0.376,0.709
S0017,ASF-MOF7,0.499,0.639
S0017,ASF-MOF8,0.388,0.689
S0017,ASF-MOF9,0.339,0.575
S0017,ASF-MOF10,0.339,0.689
S0017,ASF-MOF11,0.344,0.767
S0017,ASF-MOF12,0.299,0.665
S0017,ASF-MOF13,0.476,0.544
S0017,ASF-MOF14,0.683,0.652
S0017,ASF-MOF15,0.507,0.847
S0017,AMF-LOF1,0.285,0.565
S0017,AMF-LOF2,0.197,0.403
S0017,AMF-LOF3,0.231,0.555
S0017,AMF-LOF4,0.187,0.427
S0017,AMF-LOF5,0.233,0.404
S0017,AMF-LOF6,0.257,0.29
S0017,AMF-LOF7,0.287,0.415
S0017,AMF-LOF8,0.306,0.254
S0017,AMF-LOF9,0.257,0.455
S0017,AMF-LOF10,0.268,0.451
S0017,AMF-LOF11,0.336,0.521
S0017,AMF-LOF12,0.262,0.7
S0017,AMF-LOF13,0.339,0.771
S0017,MSF-AC1,0.335,0.682
S0017,MSF-AC2,0.403,0.781
S0017,MSF-AC3,0.351,0.718
S0017,MSF-AC4,0.515,0.67
S0017,MSF-AC5,0.304,0.484
S0017,MSF-AC6,0.339,0.472
S0017,MSF-AC7,0.381,0.679
S0017,MSF-AC8,0.378,0.666
S0017,MSF-AC9,0.374,0.546
S0017,MSF-AC10,0.385,0.698
S0017,AIF-AI1,0.634,0.425
S0017,AIF-AI2,0.426,0.639
S0017,AIF-AI3,0.328,0.616
S0017,AIF-AI4,0.394,0.454
S0017,AIF-AI5,0.379,0.324
S0017,AIF-AI6,0.335,0.536
S0017,AIF-AI7,0.293,0.465
S0017,AIF-AI8,0.367,0.503
S0017,AMT-AMG1,0.365,0.598
S0017,AMT-AMG2,0.378,0.719
S0017,AMT-AMG3,0.331,0.678
S0017,AMT-AMG4,0.372,0.742
S0017,AMT-AMG5,0.397,0.817
S0017,AMT-AMG6,0.405,0.798
S0017,AMT-AMG7,0.421,0.758
S0017,AMT-AMG8,0.361,0.714
S0017,AMT-AMG9,0.572,0.837
S0017,AMT-AMG10,0.812,0.782
S0017,MMT-AH1,0.465,0.513
S0017,MMT-AH2,0.428,0.747
S0017,MMT-AH3,0.368,0.757
S0017,MMT-AH4,0.316,0.706
S0017,MMT-AH5,0.35,0.697
S0017,MMT-AH6,0.207,0.357
S0017,MMT-AH7,0.14,0.343
S0017,MMT-AH8,0.117,0.251
S0017,MMT-AH9,0.025,0.166
S0017,MMT-AH10,0.013,0.18
S0017,MMT-AH11,0.0,0.009
S0017,MMT-AH12,0.025,0.136
S0017,MMT-AH13,0.432,0.531
S0017,MMT-AH14,0.659,0.72
S0017,PMT-PH1,0.461,0.841
S0017,PMT-PH2,0.456,0.815
S0017,PMT-PH3,0.321,0.731
S0017,PMT-PH4,0.213,0.542
S0017,PMT-PH5,0.037,0.01
S0017,PMT-PH6,0.024,0.142
S0017,PMT-PH7,0.001,0.011
S0017,PMT-PH8,0.0,0.001
S0017,PMT-PH9,0.0,0.002
S0017,PMT-PH10,0.0,0.0
S0017,PMT-PH11,0.0,0.0
S0017,PMT-PH12,0.0,0.004
S0017,PMT-PH13,0.007,0.07
S0017,PMT-PH14,0.642,0.7
S0017,OP-PV1,0.355,0.77
S0017,OP-PV2,0.363,0.764
S0017,OP-PV3,0.391,0.704
S0017,OP-PV4,0.376,0.722
S0017,OP-PV5,0.39,0.706
S0017,OP-PV6,0.451,0.747
S0017,OP-PV7,0.549,0.693
S0017,OP-PV8,0.698,0.808
S0017,OP-PV9,0.58,0.806
S0017,OP-PV10,0.356,0.731
S0017,AIO-IPV1,0.399,0.761
S0017,AIO-IPV2,0.346,0.721
S0017,AIO-IPV3,0.355,0.715
S0017,AIO-IPV4,0.352,0.814
S0017,AIO-IPV5,0.392,0.605
S0017,AIO-IPV6,0.29,0.498
S0017,AIO-IPV8,0.398,0.486
S0017,SPP-PC1,0.284,0.674
S0017,SPP-PC2,0.299,0.69
S0017,SPP-PC3,0.304,0.662
S0017,SPP-PC4,0.475,0.516
S0017,SPP-PC5,0.435,0.304
S0017,SPP-PC6,0.459,0.526
S0017,SPP-PC7,0.383,0.709
S0017,SPP-PC8,0.329,0.665
S0017,SPP-PC9,0.343,0.52
S0017,SPP-PC10,0.343,0.474
S0017,SPP-PC11,0.333,0.527
S0017,SPP-PC12,0.39,0.543
S0017,SPP-PC13,0.401,0.588
S0017,SPP-PC14,0.34,0.595
S0017,AIP-PI1,0.325,0.703
S0017,AIP-PI2,0.518,0.504
S0017,AIP-PI3,0.339,0.355
S0017,AIP-PI4,0.337,0.296
S0017,AIP-PI5,0.29,0.509
S0017,AIP-PI6,0.207,0.507
S0017,AIP-PI7,0.165,0.536
S0017,AIP-PI8,0.172,0.515
S0017,AIP-PI9,0.176,0.55
S0017,AIP-PI10,0.345,0.605
S0018,AMF-OF'1,0.389,0.552
S0018,AMF-OF'2,0.347,0.613
S0018,AMF-OF'3,0.347,0.592
S0018,AMF-OF'4,0.281,0.607
S0018,AMF-OF'5,0.325,0.58
S0018,AMF-OF'6,0.345,0.644
S0018,AMF-OF'7,0.273,0.577
S0018,AMF-OF'8,0.307,0.548
S0018,AMF-OF'9,0.232,0.578
S0018,AMF-OF'10,0.205,0.301
S0018,AMF-OF'11,0.339,0.485
S0018,AMF-OF'12,0.252,0.503
S0018,AMF-OF'13,0.479,0.838
S0018,AMF-OF'14,0.501,0.813
S0018,AMF-OF'15,0.342,0.664
S0018,AMF-OF'16,0.308,0.838
S0018,AMF-AC'1,0.451,0.533
S0018,AMF-AC'2,0.387,0.629
S0018,AMF-AC'3,0.333,0.687
S0018,AMF-AC'4,0.252,0.651
S0018,AMF-AC'5,0.294,0.627
S0018,AMF-AC'6,0.28,0.607
S0018,AMF-AC'7,0.283,0.579
S0018,AMF-AC'8,0.288,0.585
S0018,AMF-AC'9,0.287,0.547
S0018,AMF-AC'10,0.271,0.579
S0018,AMF-AC'11,0.292,0.608
S0018,AMF-AC'12,0.253,0.606
S0018,AMF-AC'13,0.393,0.716
S0018,AMF-AC'14,0.313,0.615
S0018,AMF-AC'15,0.298,0.702
S0018,AMF-AC'16,0.208,0.658
S0018,PIF-AI'1,0.087,0.108
S0018,PIF-AI'2,0.165,0.229
S0018,PIF-AI'3,0.097,0.117
S0018,PIF-AI'4,0.193,0.289
S0018,PIF-AI'5,0.39,0.27
S0018,PIF-AI'6,0.363,0.221
S0018,PIF-AI'7,0.219,0.188
S0018,PIF-AI'8,0.185,0.312
S0018,AMT-Amg'1,0.363,0.677
S0018,AMT-Amg'2,0.574,0.592
S0018,AMT-Amg'3,0.452,0.657
S0018,AMT-Amg'4,0.425,0.566
S0018,AMT-Amg'5,0.326,0.552
S0018,AMT-Amg'6,0.264,0.589
S0018,AMT-Amg'7,0.302,0.607
S0018,AMT-Amg'8,0.273,0.653
S0018,AMT-Amg'9,0.321,0.631
S0018,AMT-Amg'10,0.347,0.608
S0018,AMT-Amg'11,0.338,0.568
S0018,AMT-Amg'12,0.336,0.58
S0018,AMT-Amg'13,0.352,0.572
S0018,AMT-Amg'14,0.42,0.712
S0018,MMT-AH'1,0.161,0.278
S0018,MMT-AH'2,0.37,0.508
S0018,MMT-AH'3,0.382,0.426
S0018,MMT-AH'4,0.317,0.603
S0018,MMT-AH'5,0.335,0.566
S0018,MMT-AH'6,0.252,0.512
S0018,MMT-AH'7,0.342,0.542
S0018,MMT-AH'8,0.276,0.568
S0018,MMT-AH'9,0.367,0.448
S0018,MMT-AH'10,0.437,0.579
S0018,MMT-AH'11,0.467,0.601
S0018,MMT-AH'12,0.339,0.535
S0018,PMT-PH'1,0.469,0.686
S0018,PMT-PH'2,0.319,0.504
S0018,PMT-PH'3,0.364,0.445
S0018,PMT-PH'4,0.316,0.463
S0018,PMT-PH'5,0.282,0.51
S0018,PMT-PH'6,0.196,0.349
S0018,PMT-PH'7,0.156,0.161
S0018,PMT-PH'8,0.153,0.346
S0018,PMT-PH'9,0.362,0.366
S0018,PMT-PH'10,0.226,0.303
S0018,PMT-PH'11,0.369,0.426
S0018,PMT-PH'12,0.548,0.804
S0018,MST-MI'1,0.315,0.491
S0018,MST-MI'2,0.238,0.493
S0018,MST-MI'3,0.331,0.495
S0018,MST-MI'4,0.264,0.37
S0018,MST-MI'5,0.175,0.262
S0018,MST-MI'6,0.291,0.367
S0018,MST-MI'7,0.325,0.667
S0018,MST-MI'8,0.077,0.255
S0018,MST-MI'9,0.115,0.361
S0018,MST-MI'10,0.432,0.79
S0018,PST-PI'1,0.028,0.056
S0018,PST-PI'2,0.004,0.011
S0018,PST-PI'3,0.004,0.016
S0018,PST-PI'4,0.001,0.017
S0018,PST-PI'5,0.001,0.006
S0018,PST-PI'6,0.035,0.063
S0018,PST-PI'7,0.444,0.696
S0018,PST-PI'8,0.537,0.827
S0018,ASP-PI'1,0.171,0.285
S0018,ASP-PI'2,0.05,0.18
S0018,ASP-PI'3,0.103,0.204
S0018,ASP-PI'4,0.152,0.281
S0018,ASP-PI'5,0.24,0.473
S0018,ASP-PI'6,0.086,0.223
S0018,ASP-PI'7,0.239,0.42
S0018,ASP-PI'8,0.319,0.516
S0018,ASP-PI'9,0.315,0.588
S0018,ASP-PI'10,0.396,0.559
S0018,ASP-PI'11,0.416,0.664
S0018,ASP-PI'12,0.446,0.606
S0018,ASP-PI'13,0.429,0.545
S0018,ASP-PI'14,0.447,0.55
S0018,ASP-PI'15,0.283,0.642
S0018,ASP-PI'16,0.363,0.681
S0018,POJ-PST'1,0.0,0.002
S0018,POJ-PST'2,0.0,0.0
S0018,POJ-PST'3,0.021,0.094
S0018,POJ-PST'4,0.005,0.009
S0018,POJ-PST'5,0.054,0.056
S0018,POJ-PST'6,0.243,0.449
S0018,POJ-PST'7,0.117,0.186
S0018,POJ-PST'8,0.224,0.359
S0018,POJ-PST'9,0.311,0.457
S0018,POJ-PST'10,0.449,0.283
S0018,POJ-PST'11,0.42,0.295
S0018,POJ-PST'12,0.331,0.401
S0018,POJ-PST'13,0.337,0.393
S0018,POJ-PST'14,0.503,0.806
S0018,PIF-AI1,0.325,0.508
S0018,PIF-AI2,0.344,0.624
S0018,PIF-AI3,0.192,0.48
S0018,PIF-AI4,0.135,0.373
S0018,PIF-AI5,0.119,0.285
S0018,PIF-AI6,0.366,0.537
S0018,PIF-AI7,0.32,0.342
S0018,PIF-AI8,0.214,0.694
S0018,PST-PI1,0.145,0.24
S0018,PST-PI2,0.003,0.027
S0018,PST-PI3,0.0,0.006
S0018,PST-PI4,0.001,0.002
S0018,PST-PI5,0.001,0.005
S0018,PST-PI6,0.003,0.02
S0018,PST-PI7,0.212,0.608
S0018,PST-PI8,0.204,0.294
S0019,LAH1,0.477,0.644
S0019,LAH2,0.388,0.525
S0019,LAH3,0.268,0.314
S0019,LAH4,0.205,0.376
S0019,LAH5,0.167,0.333
S0019,LAH6,0.181,0.307
S0019,LAH7,0.237,0.3
S0019,LAH8,0.198,0.311
S0019,LAT1,0.532,0.364
S0019,LAT2,0.219,0.422
S0019,LAT3,0.295,0.48
S0019,LAT4,0.363,0.582
S0019,LAT5,0.363,0.603
S0019,LAT6,0.365,0.714
S0019,LES1,0.164,0.417
S0019,LES2,0.275,0.608
S0019,LES3,0.2,0.468
S0019,LES4,0.19,0.523
S0019,LES5,0.192,0.448
S0019,LES6,0.279,0.523
S0019,LES7,0.32,0.503
S0019,LES8,0.323,0.53
S0019,LG10,0.401,0.713
S0019,LG11,0.279,0.512
S0019,LG12,0.259,0.487
S0019,LG13,0.287,0.362
S0019,LG14,0.184,0.324
S0019,LG15,0.328,0.392
S0019,LG16,0.531,0.611
S0019,LG17,0.488,0.659
S0019,LG18,0.437,0.623
S0019,LG19,0.413,0.624
S0019,LG1,0.442,0.67
S0019,LG20,0.53,0.609
S0019,LG21,0.0,0.0
S0019,LG22,0.0,0.0
S0019,LG23,0.0,0.0
S0019,LG24,0.01,0.028
S0019,LG25,0.246,0.431
S0019,LG26,0.002,0.012
S0019,LG27,0.0,0.001
S0019,LG28,0.0,0.0
S0019,LG29,0.0,0.0
S0019,LG2,0.384,0.635
S0019,LG30,0.0,0.0
S0019,LG31,0.014,0.111
S0019,LG32,0.338,0.475
S0019,LG33,0.362,0.617
S0019,LG34,0.01,0.05
S0019,LG35,0.083,0.04
S0019,LG36,0.017,0.004
S0019,LG37,0.271,0.466
S0019,LG38,0.038,0.069
S0019,LG39,0.098,0.317
S0019,LG3,0.295,0.358
S0019,LG40,0.673,0.689
S0019,LG41,0.306,0.447
S0019,LG42,0.599,0.547
S0019,LG43,0.533,0.733
S0019,LG44,0.185,0.31
S0019,LG45,0.025,0.074
S0019,LG46,0.125,0.273
S0019,LG47,0.284,0.519
S0019,LG48,0.485,0.847
S0019,LG49,0.324,0.538
S0019,LG4,0.328,0.264
S0019,LG50,0.235,0.514
S0019,LG51,0.0,0.019
S0019,LG52,0.213,0.331
S0019,LG53,0.036,0.201
S0019,LG54,0.404,0.258
S0019,LG55,0.098,0.146
S0019,LG56,0.23,0.591
S0019,LG57,0.28,0.517
S0019,LG58,0.277,0.431
S0019,LG59,0.379,0.327
S0019,LG5,0.233,0.09
S0019,LG60,0.157,0.179
S0019,LG61,0.0,0.002
S0019,LG62,0.837,0.755
S0019,LG63,0.991,0.924
S0019,LG64,0.976,0.979
S0019,LG6,0.453,0.38
S0019,LG7,0.465,0.265
S0019,LG8,0.347,0.214
S0019,LG9,0.374,0.704
S0019,LPF1,0.299,0.505
S0019,LPF2,0.207,0.42
S0019,LPF3,0.187,0.371
S0019,LPF4,0.213,0.387
S0019,LPF5,0.135,0.243
S0019,LPF6,0.249,0.43
S0019,LPF7,0.305,0.471
S0019,LPF8,0.262,0.516
S0019,LPH1,0.287,0.356
S0019,LPH2,0.41,0.288
S0019,LPH3,0.16,0.151
S0019,LPH4,0.426,0.531
S0019,LPH5,0.352,0.469
S0019,LPH6,0.307,0.461
S0020,SMF-AC1,0.375,0.296
S0020,SMF-AC2,0.339,0.209
S0020,SMF-AC3,0.435,0.146
S0020,SMF-AC4,0.242,0.104
S0020,SMF-AC5,0.191,0.041
S0020,SMF-AC6,0.151,0.097
S0020,SMF-AC7,0.155,0.062
S0020,SMF-AC8,0.278,0.157
S0020,AIF-OF1,0.591,0.359
S0020,AIF-OF2,0.477,0.253
S0020,AIF-OF3,0.385,0.253
S0020,AIF-OF4,0.392,0.321
S0020,AIF-OF5,0.433,0.383
S0020,AIF-OF6,0.342,0.225
S0020,AIF-OF7,0.304,0.232
S0020,AIF-OF8,0.182,0.154
S0020,AIF-OF9,0.274,0.291
S0020,AIF-OF10,0.27,0.412
S0020,AIF-OF11,0.254,0.383
S0020,AIF-OF12,0.304,0.412
S0020,AIF-OF13,0.217,0.229
S0020,AIF-OF14,0.251,0.269
S0020,AIF-OF15,0.408,0.544
S0020,AIF-OF16,0.507,0.733
S0020,PIF-AI1,0.159,0.201
S0020,PIF-AI2,0.25,0.25
S0020,PIF-AI3,0.414,0.474
S0020,PIF-AI4,0.265,0.358
S0020,PIF-AI5,0.155,0.141
S0020,PIF-AI6,0.155,0.134
S0020,PIF-AI7,0.19,0.234
S0020,PIF-AI8,0.035,0.151
S0020,PIF-MI1,0.002,0.005
S0020,PIF-MI2,0.0,0.002
S0020,PIF-MI3,0.0,0.0
S0020,PIF-MI4,0.0,0.0
S0020,PIF-MI5,0.0,0.0
S0020,PIF-MI6,0.0,0.0
S0020,PIF-MI7,0.0,0.0
S0020,PIF-MI8,0.0,0.0
S0020,PIF-MI9,0.0,0.001
S0020,PIF-MI10,0.002,0.006
S0020,AIP-PI1,0.002,0.001
S0020,AIP-PI2,0.0,0.0
S0020,AIP-PI3,0.0,0.0
S0020,AIP-PI4,0.0,0.0
S0020,AIP-PI5,0.0,0.0
S0020,AIP-PI6,0.0,0.0
S0020,AIP-PI7,0.002,0.002
S0020,AIP-PI8,0.005,0.005
S0020,AIP-PI9,0.021,0.008
S0020,AIP-PI10,0.003,0.0
S0020,AIP-PI11,0.014,0.002
S0020,AIP-PI12,0.008,0.012
S0020,PT-MT1,0.202,0.151
S0020,PT-MT2,0.219,0.148
S0020,PT-MT3,0.228,0.281
S0020,PT-MT4,0.154,0.269
S0020,PT-MT5,0.117,0.13
S0020,PT-MT6,0.091,0.197
S0020,PT-MT7,0.154,0.257
S0020,PT-MT8,0.063,0.135
S0020,PT-MT9,0.035,0.078
S0020,PT-MT10,0.088,0.118
S0020,PT-MT11,0.104,0.144
S0020,PT-MT12,0.178,0.271
S0020,PT-MT13,0.435,0.585
S0020,PT-MT14,0.852,0.962
S0020,PT-MT15,0.88,0.883
S0020,PT-MT16,0.755,0.84
S0020,IMF-AC'1,0.397,0.483
S0020,IMF-AC'2,0.205,0.117
S0020,IMF-AC'3,0.159,0.108
S0020,IMF-AC'4,0.18,0.12
S0020,IMF-AC'5,0.195,0.117
S0020,IMF-AC'6,0.205,0.153
S0020,IMF-AC'7,0.264,0.176
S0020,IMF-AC'8,0.71,0.685
S0020,AIP-OF'1,0.627,0.362
S0020,AIP-OF'2,0.52,0.265
S0020,AIP-OF'3,0.412,0.255
S0020,AIP-OF'4,0.371,0.403
S0020,AIP-OF'5,0.392,0.569
S0020,AIP-OF'6,0.352,0.547
S0020,AIP-OF'7,0.256,0.473
S0020,AIP-OF'8,0.351,0.406
S0020,AIP-OF'9,0.484,0.347
S0020,AIP-OF'10,0.45,0.315
S0020,AIP-OF'11,0.584,0.44
S0020,AIP-OF'12,0.614,0.518
S0020,PIF-AI'1,0.294,0.386
S0020,PIF-AI'2,0.343,0.352
S0020,PIF-AI'3,0.38,0.399
S0020,PIF-AI'4,0.395,0.252
S0020,PIF-AI'5,0.202,0.074
S0020,PIF-AI'6,0.321,0.136
S0020,PIF-AI'7,0.521,0.508
S0020,PIF-AI'8,0.849,0.202
S0020,PIF-MI'1,0.37,0.266
S0020,PIF-MI'2,0.094,0.112
S0020,PIF-MI'3,0.071,0.135
S0020,PIF-MI'4,0.18,0.235
S0020,PIF-MI'5,0.535,0.5
S0020,PIF-MI'6,0.397,0.424
S0020,PIF-MI'7,0.263,0.365
S0020,PIF-MI'8,0.247,0.325
S0021,PSF-PC'1,0.581,0.407
S0021,PSF-PC'2,0.603,0.533
S0021,PSF-PC'3,0.642,0.432
S0021,PSF-PC'4,0.449,0.429
S0021,PSF-PC'5,0.493,0.38
S0021,PSF-PC'6,0.499,0.511
S0021,PSF-PC'7,0.438,0.336
S0021,PSF-PC'8,0.477,0.372
S0021,PSF-PC'9,0.385,0.477
S0021,PSF-PC'10,0.619,0.303
S0021,PSF-PC'11,0.53,0.603
S0021,PSF-PC'12,0.581,0.55
S0021,PMF-MC'1,0.616,0.641
S0021,PMF-MC'2,0.682,0.718
S0021,PMF-MC'3,0.487,0.728
S0021,PMF-MC'4,0.476,0.654
S0021,PMF-MC'5,0.555,0.545
S0021,PMF-MC'6,0.552,0.421
S0021,PMF-MC'7,0.306,0.435
S0021,PMF-MC'8,0.387,0.536
S0021,PMF-MC'9,0.517,0.637
S0021,PMF-MC'10,0.604,0.556
S0021,PIF-MI'1,0.556,0.479
S0021,PIF-MI'2,0.629,0.267
S0021,PIF-MI'3,0.604,0.392
S0021,PIF-MI'4,0.547,0.502
S0021,PIF-MI'5,0.611,0.313
S0021,PIF-MI'6,0.574,0.433
S0021,PIF-MI'7,0.503,0.353
S0021,PIF-MI'8,0.465,0.267
S0021,ASP-PI'1,0.352,0.388
S0021,ASP-PI'2,0.541,0.395
S0021,ASP-PI'3,0.519,0.511
S0021,ASP-PI'4,0.577,0.498
S0021,ASP-PI'5,0.437,0.33
S0021,ASP-PI'6,0.546,0.373
S0021,ASP-PI'7,0.701,0.464
S0021,ASP-PI'8,0.57,0.379
S0021,ASP-PI'9,0.481,0.429
S0021,ASP-PI'10,0.46,0.385
S0021,PIP-PC'1,0.385,0.464
S0021,PIP-PC'2,0.479,0.548
S0021,PIP-PC'3,0.473,0.552
S0021,PIP-PC'4,0.61,0.76
S0021,PIP-PC'5,0.576,0.665
S0021,PIP-PC'6,0.487,0.41
S0021,PIP-PC'7,0.484,0.408
S0021,PIP-PC'8,0.487,0.615
S0021,PIP-PC'9,0.33,0.488
S0021,PIP-PC'10,0.18,0.262
S0021,PIP-PC'11,0.511,0.563
S0021,PIP-PC'12,0.658,0.635
S0021,PIP-PC'13,0.642,0.594
S0021,PIP-PC'14,0.57,0.588
S0021,LMO-OP'1,0.71,0.679
S0021,LMO-OP'2,0.726,0.601
S0021,LMO-OP'3,0.72,0.605
S0021,LMO-OP'4,0.78,0.641
S0021,LMO-OP'5,0.779,0.567
S0021,LMO-OP'6,0.723,0.601
S0021,LMO-OP'7,0.732,0.631
S0021,LMO-OP'8,0.767,0.701
S0021,LMO-OP'9,0.775,0.679
S0021,LMO-OP'10,0.828,0.679
S0021,LIO-MO'1,0.684,0.587
S0021,LIO-MO'2,0.675,0.583
S0021,LIO-MO'3,0.675,0.558
S0021,LIO-MO'4,0.61,0.543
S0021,LIO-MO'5,0.609,0.566
S0021,LIO-MO'6,0.639,0.576
S0021,LIO-MO'7,0.726,0.592
S0021,LIO-MO'8,0.734,0.626
S0021,LIO-MO'9,0.725,0.654
S0021,LIO-MO'10,0.754,0.612
S0021,PMF-MC1,0.718,0.732
S0021,PMF-MC2,0.568,0.677
S0021,PMF-MC3,0.622,0.622
S0021,PMF-MC4,0.419,0.525
S0021,PMF-MC5,0.485,0.658
S0021,PMF-MC6,0.469,0.465
S0021,PMF-MC7,0.43,0.377
S0021,PMF-MC8,0.456,0.498
S0021,PMF-MC9,0.458,0.535
S0021,PMF-MC10,0.577,0.616
S0021,PMF-MC11,0.515,0.333
S0021,PMF-MC12,0.498,0.574
S0021,PMF-MC13,0.327,0.599
S0021,PMF-MC14,0.28,0.521
S0021,PMF-MC15,0.343,0.366
S0021,PMF-MC16,0.408,0.383
S0021,PIF-MI1,0.101,0.41
S0021,PIF-MI2,0.689,0.612
S0021,PIF-MI3,0.544,0.648
S0021,PIF-MI4,0.277,0.448
S0021,PIF-MI5,0.409,0.438
S0021,PIF-MI6,0.339,0.548
S0021,PIF-MI7,0.452,0.536
S0021,PIF-MI8,0.517,0.508
S0021,AP-PI1,0.437,0.492
S0021,AP-PI2,0.535,0.469
S0021,AP-PI3,0.21,0.245
S0021,AP-PI4,0.228,0.445
S0021,AP-PI5,0.231,0.37
S0021,AP-PI6,0.65,0.451
S0021,AP-PI7,0.681,0.493
S0021,AP-PI8,0.51,0.493
S0021,AP-PI9,0.505,0.471
S0021,AP-PI10,0.477,0.326
S0024,'AIF-OF1,0.419,0.221
S0024,'AIF-OF2,0.706,0.192
S0024,'AIF-OF3,0.496,0.251
S0024,'AIF-OF4,0.633,0.327
S0024,'AIF-OF5,0.473,0.24
S0024,'AIF-OF6,0.568,0.206
S0024,'AIF-OF7,0.54,0.329
S0024,'AIF-OF8,0.56,0.228
S0024,'AIF-OF9,0.489,0.229
S0024,'AIF-OF10,0.673,0.24
S0024,'AIF-OF11,0.586,0.267
S0024,'AIF-OF12,0.86,0.216
S0024,'AMF-POF1,0.804,0.337
S0024,'AMF-POF2,0.76,0.229
S0024,'AMF-POF3,0.728,0.181
S0024,'AMF-POF4,0.777,0.217
S0024,'AMF-POF5,0.761,0.272
S0024,'AMF-POF6,0.752,0.295
S0024,'AMF-POF7,0.732,0.299
S0024,'AMF-POF8,0.56,0.318
S0024,'AMF-POF9,0.393,0.292
S0024,'AMF-POF10,0.404,0.267
S0024,'AMF-POF11,0.522,0.324
S0024,'AMF-POF12,0.53,0.422
S0024,'AMF-POF13,0.624,0.349
S0024,'AMF-POF14,0.904,0.124
S0024,'MIF-ASI1,0.496,0.247
S0024,'MIF-ASI2,0.773,0.313
S0024,'MIF-ASI3,0.499,0.135
S0024,'MIF-ASI4,0.679,0.208
S0024,'MIF-ASI5,0.671,0.234
S0024,'MIF-ASI6,0.591,0.35
S0024,'MIF-ASI7,0.563,0.17
S0024,'MIF-ASI8,0.866,0.253
S0024,'PIF-MAI1,0.52,0.197
S0024,'PIF-MAI2,0.754,0.229
S0024,'PIF-MAI3,0.616,0.23
S0024,'PIF-MAI4,0.505,0.115
S0024,'PIF-MAI5,0.45,0.387
S0024,'PIF-MAI6,0.523,0.3
S0024,'PIF-MAI7,0.717,0.334
S0024,'PIF-MAI8,0.642,0.37
S0024,'PIF-MAI9,0.714,0.417
S0024,'PIF-MAI10,0.958,0.172
S0024,'ASF-AC1,0.757,0.443
S0024,'ASF-AC2,0.771,0.248
S0024,'ASF-AC3,0.666,0.228
S0024,'ASF-AC4,0.749,0.287
S0024,'ASF-AC5,0.682,0.332
S0024,'ASF-AC6,0.65,0.423
S0024,'ASF-AC7,0.635,0.33
S0024,'ASF-AC8,0.538,0.26
S0024,'ASF-AC9,0.603,0.366
S0024,'ASF-AC10,0.525,0.264
S0024,'ASF-AC11,0.531,0.266
S0024,'ASF-AC12,0.63,0.253
S0024,'ASF-AC13,0.683,0.231
S0024,'ASF-AC14,0.917,0.184
S0024,'MSF-AC1,0.59,0.313
S0024,'MSF-AC2,0.535,0.317
S0024,'MSF-AC3,0.565,0.262
S0024,'MSF-AC4,0.653,0.392
S0024,'MSF-AC5,0.727,0.406
S0024,'MSF-AC6,0.71,0.315
S0024,'MSF-AC7,0.746,0.263
S0024,'MSF-AC8,0.947,0.242
S0024,'PSF-MC1,0.791,0.381
S0024,'PSF-MC2,0.781,0.265
S0024,'PSF-MC3,0.703,0.26
S0024,'PSF-MC4,0.56,0.167
S0024,'PSF-MC5,0.611,0.25
S0024,'PSF-MC6,0.722,0.391
S0024,'PSF-MC7,0.71,0.456
S0024,'PSF-MC8,0.737,0.483
S0024,'PSF-MC9,0.784,0.382
S0024,'PSF-MC10,0.784,0.349
S0024,'PMF-MMI1,0.666,0.075
S0024,'PMF-MMI2,0.458,0.238
S0024,'PMF-MMI3,0.662,0.136
S0024,'PMF-MMI4,0.719,0.188
S0024,'PMF-MMI5,0.681,0.213
S0024,'PMF-MMI6,0.668,0.185
S0024,'PMF-MMI7,0.529,0.362
S0024,'PMF-MMI8,0.399,0.28
S0024,'PMF-MMI9,0.462,0.376
S0024,'PMF-MMI10,0.482,0.339
S0024,'PMF-MMI11,0.469,0.345
S0024,'PMF-MMI12,0.583,0.308
S0024,'PMF-MMI13,0.67,0.291
S0024,'PMF-MMI14,0.723,0.254
S0024,'PMF-MC1,0.67,0.296
S0024,'PMF-MC2,0.757,0.336
S0024,'PMF-MC3,0.789,0.257
S0024,'PMF-MC4,0.819,0.286
S0024,'PMF-MC5,0.485,0.349
S0024,'PMF-MC6,0.482,0.254
S0024,'PMF-MC7,0.641,0.354
S0024,'PMF-MC8,0.45,0.345
S0024,'PMF-MC9,0.58,0.372
S0024,'PMF-MC10,0.673,0.251
S0024,'MST-AMG1,0.33,0.381
S0024,'MST-AMG2,0.631,0.457
S0024,'MST-AMG3,0.856,0.606
S0024,'MST-AMG4,0.723,0.439
S0024,'MST-AMG5,0.293,0.247
S0024,'MST-AMG6,0.693,0.294
S0024,'MST-AMG7,0.542,0.28
S0024,'MST-AMG8,0.353,0.273
S0024,'MST-AMG9,0.556,0.253
S0024,'MST-AMG10,0.428,0.299
S0024,'MST-AMG11,0.576,0.166
S0024,'MST-AMG12,0.886,0.265
S0026,'AIF-OF1,0.83,0.328
S0026,'AIF-OF2,0.861,0.28
S0026,'AIF-OF3,0.785,0.444
S0026,'AIF-OF4,0.75,0.265
S0026,'AIF-OF5,0.522,0.457
S0026,'AIF-OF6,0.649,0.501
S0026,'AIF-OF7,0.567,0.535
S0026,'AIF-OF8,0.554,0.366
S0026,'AIF-OF9,0.67,0.484
S0026,'AIF-OF10,0.735,0.177
S0026,'AIF-OF11,0.649,0.201
S0026,'AIF-OF12,0.803,0.214
S0026,'AIF-AI1,0.31,0.382
S0026,'AIF-AI2,0.197,0.415
S0026,'AIF-AI3,0.48,0.405
S0026,'AIF-AI4,0.038,0.169
S0026,'AIF-AI5,0.192,0.302
S0026,'AIF-AI6,0.583,0.522
S0026,'AIF-AI7,0.583,0.191
S0026,'AIF-AI8,0.786,0.26
S0026,'PIF-PAI1,0.464,0.561
S0026,'PIF-PAI2,0.289,0.699
S0026,'PIF-PAI3,0.36,0.545
S0026,'PIF-PAI4,0.231,0.344
S0026,'PIF-PAI5,0.145,0.447
S0026,'PIF-PAI6,0.233,0.628
S0026,'PIF-PAI7,0.162,0.515
S0026,'PIF-PAI8,0.215,0.391
S0026,'MMF-AC1,0.352,0.539
S0026,'MMF-AC2,0.541,0.529
S0026,'MMF-AC3,0.494,0.265
S0026,'MMF-AC4,0.407,0.372
S0026,'MMF-AC5,0.545,0.265
S0026,'MMF-AC6,0.661,0.357
S0026,'MMF-AC7,0.414,0.354
S0026,'MMF-AC8,0.365,0.304
S0026,'MMF-AC9,0.669,0.381
S0026,'MMF-AC10,0.675,0.201
S0026,'PSF-MC1,0.709,0.575
S0026,'PSF-MC2,0.361,0.892
S0026,'PSF-MC3,0.26,0.636
S0026,'PSF-MC4,0.456,0.566
S0026,'PSF-MC5,0.508,0.432
S0026,'PSF-MC6,0.478,0.369
S0026,'PSF-MC7,0.334,0.328
S0026,'PSF-MC8,0.4,0.375
S0026,'PSF-MC9,0.459,0.433
S0026,'PSF-MC10,0.518,0.436
S0026,'PSF-MC11,0.839,0.201
S0026,'PSF-MC12,0.388,0.645
S0026,'PSP-LG1,0.821,0.493
S0026,'PSP-LG2,0.666,0.503
S0026,'PSP-LG3,0.735,0.565
S0026,'PSP-LG4,0.738,0.413
S0026,'PSP-LG5,0.697,0.541
S0026,'PSP-LG6,0.721,0.566
S0026,'PSP-LG7,0.651,0.547
S0026,'PSP-LG8,0.61,0.435
S0026,'PSP-LG9,0.818,0.459
S0026,'PSP-LG10,0.811,0.409
S0026,'PSP-LG11,0.556,0.623
S0026,'PSP-LG12,0.831,0.691
S0026,'PSP-LG13,0.577,0.768
S0026,'PSP-LG14,0.634,0.732
S0026,'PSP-LG15,0.521,0.592
S0026,'PSP-LG16,0.552,0.704
S0026,'AST-AT1,0.827,0.243
S0026,'AST-AT2,0.839,0.282
S0026,'AST-AT3,0.836,0.283
S0026,'AST-AT4,0.697,0.261
S0026,'AST-AT5,0.79,0.349
S0026,'AST-AT6,0.732,0.326
S0026,'AST-AT7,0.692,0.254
S0026,'AST-AT8,0.498,0.244
S0026,'AST-AT9,0.67,0.269
S0026,'AST-AT10,0.794,0.222
S0026,'AIT-AMG1,0.794,0.382
S0026,'AIT-AMG2,0.867,0.322
S0026,'AIT-AMG3,0.763,0.329
S0026,'AIT-AMG4,0.855,0.338
S0026,'AIT-AMG5,0.835,0.276
S0026,'AIT-AMG6,0.765,0.235
S0026,'AIT-AMG7,0.778,0.323
S0026,'AIT-AMG8,0.806,0.398
S0026,'AIT-AMG9,0.697,0.375
S0026,'AIT-AMG10,0.693,0.302
S0026,'AIT-AMG11,0.724,0.197
S0026,'AIT-AMG12,0.775,0.2
S0026,'MMT-AH1,0.829,0.325
S0026,'MMT-AH2,0.866,0.348
S0026,'MMT-AH3,0.814,0.377
S0026,'MMT-AH4,0.828,0.401
S0026,'MMT-AH5,0.802,0.335
S0026,'MMT-AH6,0.748,0.291
S0026,'MMT-AH7,0.609,0.146
S0026,'MMT-AH8,0.353,0.107
S0026,'MMT-AH9,0.545,0.13
S0026,'MMT-AH10,0.308,0.074
S0026,'MMT-AH11,0.186,0.108
S0026,'MMT-AH12,0.333,0.228
S0026,'MMT-AH13,0.229,0.09
S0026,'MMT-AH14,0.444,0.06
S0026,'PST-PH1,0.822,0.333
S0026,'PST-PH2,0.849,0.371
S0026,'PST-PH3,0.782,0.338
S0026,'PST-PH4,0.803,0.326
S0026,'PST-PH5,0.835,0.393
S0026,'PST-PH6,0.619,0.306
S0026,'PST-PH7,0.176,0.16
S0026,'PST-PH8,0.359,0.385
S0026,'PST-PH9,0.176,0.267
S0026,'PST-PH10,0.21,0.167
S0026,'PST-PH11,0.013,0.049
S0026,'PST-PH12,0.0,0.0
S0026,'PST-PH13,0.0,0.0
S0026,'PST-PH14,0.0,0.0
S0026,'PST-PH15,0.757,0.197
S0026,'PST-PH16,0.399,0.691
TCH14,ROT1,0.602,0.467
TCH14,ROT2,0.301,0.42
TCH14,ROT3,0.38,0.352
TCH14,ROT4,0.341,0.391
TCH14,ROT5,0.296,0.458
TCH14,ROT6,0.262,0.302
TCH14,ROT7,0.197,0.359
TCH14,ROT8,0.169,0.278
TCH14,ROT9,0.157,0.171
TCH14,ROT10,0.264,0.224
TCH14,ROT11,0.237,0.201
TCH14,ROT12,0.27,0.328
TCH14,ROT13,0.436,0.351
TCH14,ROT14,0.476,0.545
TCH14,LOT1,0.602,0.79
TCH14,LOT2,0.624,0.708
TCH14,LOT3,0.609,0.715
TCH14,LOT4,0.701,0.766
TCH14,LOT5,0.683,0.768
TCH14,LOT6,0.419,0.702
TCH14,LOT7,0.226,0.233
TCH14,LOT8,0.36,0.359
TCH14,LOT9,0.727,0.415
TCH14,LOT10,0.963,0.765
TCH14,LOT11,0.431,0.166
TCH14,LOT12,0.684,0.422
TCH14,LOT13,0.355,0.321
TCH14,LOT14,0.541,0.489
TCH14,LPILG1,0.617,0.623
TCH14,LPILG2,0.239,0.161
TCH14,LPILG3,0.741,0.364
TCH14,LPILG4,0.121,0.169
TCH14,LPILG5,0.418,0.308
TCH14,LPILG6,0.431,0.608
TCH14,LPILG7,0.067,0.085
TCH14,LPILG8,0.222,0.342
TCH14,LPILG9,0.393,0.244
TCH14,LPILG10,0.788,0.554
TCH14,LPILG11,0.686,0.672
TCH14,LPILG12,0.977,0.933
TCH14,LPILG13,0.993,0.974
TCH14,LPILG14,0.803,0.881
TCH14,LPIALG1,0.481,0.422
TCH14,LPIALG2,0.435,0.459
TCH14,LPIALG3,0.349,0.209
TCH14,LPIALG4,0.439,0.317
TCH14,LPIALG5,0.673,0.728
TCH14,LPIALG6,0.419,0.59
TCH14,LPIALG7,0.051,0.105
TCH14,LPIALG8,0.221,0.612
TCH14,LPIALG9,0.062,0.592
TCH14,LPIALG10,0.881,0.934
TCH14,LPIALG11,0.99,0.984
TCH14,LPIALG12,0.971,0.983
TCH14,LPIALG13,0.943,0.981
TCH14,LPIALG14,0.995,1.0
TCH14,LAISG1,0.714,0.474
TCH14,LAISG2,0.49,0.12
TCH14,LAISG3,0.655,0.134
TCH14,LAISG4,0.316,0.305
TCH14,LAISG5,0.489,0.524
TCH14,LAISG6,0.641,0.706
TCH14,LAISG7,0.694,0.739
TCH14,LAISG8,0.747,0.744
TCH14,LAISG9,0.492,0.468
TCH14,LAISG10,0.636,0.296
TCH14,LAISG11,0.601,0.439
TCH14,LAISG12,0.745,0.732
TCH14,LAISG13,0.485,0.533
TCH14,LAISG14,0.441,0.763
TCH14,LCMN1,0.848,0.797
TCH14,LCMN2,0.708,0.676
TCH14,LCMN3,0.695,0.675
TCH14,LCMN4,0.671,0.662
TCH14,LCMN5,0.681,0.63
TCH14,LCMN6,0.654,0.627
TCH14,LCMN7,0.67,0.647
TCH14,LCMN8,0.689,0.669
TCH14,LCMN9,0.619,0.501
TCH14,LCMN10,0.305,0.423
TCH14,LCMN11,0.418,0.118
TCH14,LCMN12,0.309,0.169
TCH14,LCMN13,0.359,0.329
TCH14,LCMN14,0.643,0.664
TCH14,RANT1,0.846,0.721
TCH14,RANT2,0.733,0.49
TCH14,RANT3,0.721,0.333
TCH14,RANT4,0.719,0.583
TCH14,RANT5,0.544,0.574
TCH14,RANT6,0.5,0.52
TCH14,RANT7,0.471,0.369
TCH14,RANT8,0.407,0.184
TCH14,RANT9,0.29,0.036
TCH14,RANT10,0.695,0.785
TCH14,RANT11,0.408,0.198
TCH14,RANT12,0.33,0.167
TCH14,RANT13,0.748,0.826
TCH14,RANT14,0.708,0.625
TCH14,LAIMSG1,0.331,0.474
TCH14,LAIMSG2,0.654,0.765
TCH14,LAIMSG3,0.49,0.557
TCH14,LAIMSG4,0.528,0.538
TCH14,LAIMSG5,0.054,0.09
TCH14,LAIMSG6,0.388,0.536
TCH14,LAIMSG7,0.328,0.234
TCH14,LAIMSG8,0.244,0.264
TCH14,LAIMSG9,0.462,0.323
TCH14,LAIMSG10,0.333,0.515
TCH14,LAIMSG11,0.438,0.713
TCH14,LAIMSG12,0.396,0.612
TCH14,LAIMSG13,0.382,0.421
TCH14,LAIMSG14,0.546,0.472
TCH14,LANT1,0.683,0.803
TCH14,LANT2,0.601,0.644
TCH14,LANT3,0.377,0.609
TCH14,LANT4,0.544,0.501
TCH14,LANT5,0.305,0.225
TCH14,LANT6,0.439,0.47
TCH14,LANT7,0.392,0.243
TCH14,LANT8,0.366,0.387
TCH14,LANT9,0.413,0.218
TCH14,LANT10,0.282,0.222
TCH14,LANT11,0.735,0.735
TCH14,LANT12,0.362,0.168
TCH14,LANT13,0.63,0.522
TCH14,LANT14,0.905,0.883
TCH14,LANGT1,0.773,0.829
TCH14,LANGT2,0.789,0.817
TCH14,LANGT3,0.728,0.803
TCH14,LANGT4,0.697,0.778
TCH14,LANGT5,0.719,0.765
TCH14,LANGT6,0.707,0.669
TCH14,LANGT7,0.708,0.634
TCH14,LANGT8,0.564,0.535
TCH14,LANGT9,0.513,0.414
TCH14,LANGT10,0.415,0.348
TCH14,LANGT11,0.365,0.208
TCH14,LANGT12,0.579,0.664
TCH14,LANGT13,0.684,0.683
TCH14,LANGT14,0.689,0.715
TCH14,LUNC1,0.707,0.843
TCH14,LUNC2,0.736,0.814
TCH14,LUNC3,0.71,0.785
TCH14,LUNC4,0.673,0.801
TCH14,LUNC5,0.633,0.781
TCH14,LUNC6,0.497,0.645
TCH14,LUNC7,0.623,0.633
TCH14,LUNC8,0.514,0.587
TCH14,LUNC9,0.625,0.669
TCH14,LUNC10,0.593,0.617
TCH14,LML1,0.578,0.309
TCH14,LML2,0.579,0.551
TCH14,LML3,0.531,0.425
TCH14,LML4,0.828,0.82
TCH14,LML5,0.957,0.862
TCH14,LML6,0.853,0.622
TCH14,RSMA1,0.656,0.426
TCH14,RSMA2,0.631,0.605
TCH14,RSMA3,0.948,0.88
TCH14,RSMA4,0.947,0.981
TCH14,RSMA5,0.526,0.731
TCH14,RSMA6,0.32,0.341
TCH14,LSMA1,0.531,0.421
TCH14,LSMA2,0.911,0.854
TCH14,LSMA3,0.742,0.503
TCH14,LSMA4,0.574,0.41
TCH14,LSMA5,0.457,0.559
TCH14,LSMA6,0.771,0.593
TCH14,LPCUN1,0.455,0.564
TCH14,LPCUN2,0.479,0.242
TCH14,LPCUN3,0.623,0.369
TCH14,LPCUN4,0.362,0.824
TCH14,LPCUN5,0.181,0.422
TCH14,LPCUN6,0.823,0.831
TCH14,LSHP1,0.465,0.578
TCH14,LSHP2,0.306,0.498
TCH14,LSHP3,0.67,0.837
TCH14,LSHP4,0.651,0.795
TCH14,LSHP5,0.86,0.951
TCH14,LSHP6,0.881,0.929
TCH14,LSPL1,0.369,0.579
TCH14,LSPL2,0.65,0.809
TCH14,LSPL3,0.452,0.374
TCH14,LSPL4,0.483,0.471
TCH14,LSPL5,0.539,0.59
TCH14,LSPL6,0.915,0.972
TCH14,LFEF1,0.4,0.54
TCH14,LFEF2,0.565,0.746
TCH14,LFEF3,0.359,0.348
TCH14,LFEF4,0.201,0.036
TCH14,LFEF5,0.519,0.24
TCH14,LFEF6,0.752,0.606
TCH14,LAG1,0.092,0.269
TCH14,LAG2,0.183,0.521
TCH14,LAG3,0.775,0.636
TCH14,LAG4,0.694,0.618
TCH14,LAG5,0.966,0.823
TCH14,LAG6,0.994,0.985
TCH14,LSH1,0.507,0.224
TCH14,LSH2,0.83,0.741
TCH14,LSH3,0.927,0.934
TCH14,LSH4,0.553,0.502
TCH14,LSH5,0.791,0.854
TCH14,LSH6,0.821,0.793
TCH14,LSL1,0.713,0.146
TCH14,LSL2,0.149,0.269
TCH14,LSL3,0.516,0.592
TCH14,LSL4,0.296,0.152
TCH14,LSL5,0.455,0.437
TCH14,LSL6,0.763,0.402
TCH14,LPOT1,0.305,0.611
TCH14,LPOT2,0.524,0.644
TCH14,LPOT3,0.383,0.588
TCH14,LPOT4,0.325,0.632
TCH14,LPOT5,0.919,0.92
TCH14,LPOT6,0.956,0.947
TCH14,LIPS1,0.367,0.587
TCH14,LIPS2,0.571,0.797
TCH14,LIPS3,0.507,0.567
TCH14,LIPS4,0.809,0.707
TCH14,LIPS5,0.6,0.685
TCH14,LIPS6,0.998,0.988
TCH14,LSTG1,0.0,0.0
TCH14,LSTG2,0.032,0.036
TCH14,LSTG3,0.0,0.0
TCH14,LSTG4,0.0,0.0
TCH14,LSTG5,0.421,0.472
TCH14,LSTG6,0.599,0.659
TCH14,RSF1,0.447,0.375
TCH14,RSF2,0.556,0.716
TCH14,RSF3,0.402,0.381
TCH14,RSF4,0.624,0.551
TCH14,RSF5,0.795,0.607
TCH14,RSF6,0.812,0.594
TCH14,LSA1,0.99,0.988
TCH14,LSA2,0.986,0.993
TCH14,LSA3,0.876,0.802
TCH14,LSA4,0.903,0.832
TCH14,LMH1,0.898,0.928
TCH14,LMH2,0.953,0.976
TCH14,LMH3,0.778,0.902
TCH14,LMH4,0.838,0.856
TCH14,LIPL1,0.453,0.515
TCH14,LIPL2,0.56,0.337
TCH14,LIPL3,0.636,0.438
TCH14,LIPL4,0.871,0.789
TCH14,LSMG1,0.476,0.449
TCH14,LSMG2,0.315,0.064
TCH14,LSMG3,0.579,0.566
TCH14,LSMG4,0.297,0.41
TCH14,LMA1,0.882,0.762
TCH14,LMA2,0.991,0.986
TCH14,LMA3,0.998,0.998
TCH14,LMA4,0.903,0.852
TCH14,EKG1,0.576,0.626
