subj,ch_name,spkr_p,mic_p
S0004,LHippo1,0.57,0.136
S0004,LHippo2,0.487,0.488
S0004,LHippo3,0.441,0.356
S0004,LHippo4,0.445,0.334
S0004,LHippo5,0.417,0.24
S0004,LHippo6,0.475,0.267
S0004,LHippo7,0.525,0.297
S0004,LHippo8,0.551,0.291
S0004,LHippo9,0.495,0.076
S0004,LHippo10,0.569,0.112
S0004,RHippo1,0.322,0.024
S0004,RHippo2,0.32,0.011
S0004,RHippo3,0.354,0.017
S0004,RHippo4,0.35,0.086
S0004,RHippo5,0.339,0.083
S0004,RHippo6,0.247,0.192
S0004,RHippo7,0.369,0.537
S0004,RHippo8,0.464,0.717
S0004,RHippo10,0.301,0.387
S0004,RAntTm1,0.4,0.004
S0004,RAntTm2,0.459,0.008
S0004,RAntTm3,0.467,0.005
S0004,RAntTm4,0.414,0.045
S0004,RAntTm5,0.406,0.179
S0004,RAntTm6,0.298,0.152
S0004,RAntTm7,0.361,0.198
S0004,RAntTm8,0.425,0.325
S0004,RAntTm9,0.437,0.214
S0004,RAntTm10,0.337,0.158
S0004,RMdTm51,0.363,0.331
S0004,RMdTm52,0.214,0.19
S0004,RMdTm53,0.243,0.044
S0004,RMdTm54,0.103,0.082
S0004,RMdTm55,0.09,0.035
S0004,RMdTm56,0.095,0.524
S0004,RMdTm57,0.025,0.257
S0004,RMdTm58,0.015,0.032
S0004,RMdTm71,0.48,0.054
S0004,RMdTm72,0.372,0.042
S0004,RMdTm73,0.31,0.135
S0004,RMdTm74,0.359,0.313
S0004,RMdTm75,0.371,0.547
S0004,RMdTm76,0.359,0.101
S0004,RMdTm77,0.234,0.12
S0004,RMdTm78,0.064,0.001
S0004,RInTm51,0.245,0.374
S0004,RInTm52,0.221,0.309
S0004,RInTm53,0.185,0.137
S0004,RInTm54,0.121,0.07
S0004,RInTm55,0.088,0.022
S0004,RInTm56,0.107,0.024
S0004,RInTm57,0.533,0.004
S0004,RInTm58,0.5,0.003
S0004,RSpTm51,0.248,0.349
S0004,RSpTm52,0.432,0.494
S0004,RSpTm53,0.13,0.07
S0004,RSpTm54,0.223,0.265
S0004,RSpTm55,0.234,0.362
S0004,RSpTm56,0.083,0.198
S0004,RSpTm57,0.0,0.001
S0004,RSpTm58,0.0,0.0
S0004,RSpTm71,0.282,0.014
S0004,RSpTm72,0.327,0.31
S0004,RSpTm73,0.897,0.997
S0004,RSpTm74,0.853,0.921
S0004,RSpTm75,0.561,0.369
S0004,RSpTm76,0.387,0.244
S0004,RSpTm77,0.277,0.08
S0004,RInIns3,0.467,0.445
S0004,RInIns4,0.143,0.168
S0004,RInIns5,0.045,0.023
S0004,RInIns7,0.006,0.0
S0004,RInIns8,0.004,0.0
S0004,RSpIns1,0.155,0.007
S0004,RSpIns2,0.377,0.012
S0004,RSpIns3,0.385,0.043
S0004,RSpIns4,0.298,0.002
S0004,RSpIns5,0.13,0.004
S0004,RSpIns6,0.13,0.008
S0004,RSpIns7,0.262,0.017
S0004,RSpIns8,0.053,0.005
S0006,RAST1,0.453,0.149
S0006,RAST2,0.268,0.234
S0006,RAST3,0.208,0.263
S0006,RAST5,0.204,0.325
S0006,RAST6,0.189,0.221
S0006,RAST7,0.281,0.176
S0006,RAST8,0.297,0.099
S0006,RAST9,0.266,0.053
S0006,RAST10,0.163,0.055
S0006,RAST11,0.385,0.073
S0006,RAST12,0.531,0.083
S0006,RMST1,0.294,0.186
S0006,RMST2,0.254,0.216
S0006,RMST3,0.314,0.209
S0006,RMST4,0.282,0.19
S0006,RMST5,0.184,0.181
S0006,RMST6,0.174,0.2
S0006,RMST7,0.149,0.137
S0006,RMST8,0.102,0.115
S0006,RMST9,0.0,0.032
S0006,RMST10,0.0,0.04
S0006,RMST11,0.0,0.169
S0006,RMST12,0.013,0.086
S0006,RMST13,0.169,0.069
S0006,RMST14,0.434,0.106
S0006,RPST1,0.678,0.264
S0006,RPST2,0.396,0.101
S0006,RPST3,0.424,0.123
S0006,RPST4,0.311,0.054
S0006,RPST5,0.349,0.317
S0006,RPST6,0.198,0.167
S0006,RPST7,0.067,0.019
S0006,RPST8,0.091,0.058
S0006,RPST9,0.18,0.262
S0006,RPST10,0.199,0.283
S0006,RPST11,0.047,0.038
S0006,RPST12,0.411,0.093
S0006,RPPST1,0.558,0.095
S0006,RPPST2,0.684,0.196
S0006,RPPST3,0.74,0.169
S0006,RPPST4,0.548,0.068
S0006,RPPST5,0.383,0.039
S0006,RPPST6,0.401,0.337
S0006,RPPST7,0.208,0.263
S0006,RPPST8,0.025,0.0
S0006,RPPST9,0.001,0.004
S0006,RPPST10,0.0,0.009
S0006,RPPST11,0.0,0.009
S0006,RPPST13,0.0,0.0
S0006,RPPST14,0.0,0.0
S0006,RPPST15,0.0,0.0
S0006,RPPST16,0.413,0.067
S0006,RAIF1,0.268,0.016
S0006,RAIF2,0.052,0.011
S0006,RAIF3,0.26,0.128
S0006,RAIF4,0.235,0.472
S0006,RAIF5,0.336,0.917
S0006,RAIF6,0.223,0.578
S0006,RAIF7,0.432,0.347
S0006,RAIF8,0.603,0.222
S0006,RPI1,0.238,0.375
S0006,RPI2,0.174,0.303
S0006,RPI3,0.21,0.164
S0006,RPI4,0.431,0.088
S0006,RPI5,0.289,0.016
S0006,RPI6,0.172,0.02
S0006,RPI7,0.268,0.027
S0006,RPI8,0.092,0.14
S0006,RPI9,0.061,0.072
S0006,RPI10,0.004,0.0
S0006,RPI11,0.014,0.001
S0006,RPI12,0.086,0.004
S0006,RPI13,0.232,0.023
S0006,RPI14,0.369,0.075
S0006,RPI15,0.461,0.264
S0006,RPI16,0.584,0.43
S0006,ROF1,0.211,0.681
S0006,ROF2,0.361,0.57
S0006,ROF3,0.393,0.441
S0006,ROF4,0.315,0.175
S0006,ROF5,0.292,0.083
S0006,ROF6,0.286,0.035
S0006,ROF7,0.266,0.047
S0006,ROF8,0.339,0.086
S0006,ROF9,0.325,0.064
S0006,ROF10,0.339,0.065
S0006,ROF11,0.377,0.077
S0006,ROF12,0.427,0.191
S0006,ROF13,0.378,0.303
S0006,ROF14,0.508,0.327
S0006,ROF15,0.671,0.605
S0006,ROF16,0.533,0.365
S0006,RAC1,0.518,0.128
S0006,RAC2,0.616,0.16
S0006,RAC3,0.62,0.224
S0006,RAC4,0.625,0.38
S0006,RAC5,0.435,0.081
S0006,RAC6,0.302,0.098
S0006,RAC7,0.389,0.33
S0006,RAC8,0.492,0.637
S0006,RAC9,0.545,0.611
S0006,RAC10,0.477,0.517
S0006,RAC11,0.502,0.581
S0006,RAC12,0.369,0.341
S0007,AMF-AC1,0.458,0.118
S0007,AMF-AC2,0.584,0.037
S0007,AMF-AC3,0.638,0.021
S0007,AMF-AC4,0.609,0.025
S0007,AMF-AC5,0.611,0.011
S0007,AMF-AC6,0.516,0.093
S0007,AMF-AC7,0.338,0.344
S0007,AMF-AC8,0.464,0.315
S0007,AMF-AC9,0.478,0.054
S0007,AMF-AC10,0.277,0.249
S0007,AMF-AC11,0.499,0.128
S0007,AMF-AC12,0.451,0.065
S0007,AMF-AC13,0.536,0.024
S0007,AMF-AC14,0.609,0.04
S0007,MSF-MC1,0.447,0.027
S0007,MSF-MC2,0.694,0.032
S0007,MSF-MC3,0.539,0.038
S0007,MSF-MC4,0.577,0.265
S0007,MSF-MC5,0.526,0.278
S0007,MSF-MC6,0.482,0.217
S0007,MSF-MC7,0.574,0.072
S0007,MSF-MC8,0.477,0.131
S0007,MSF-MC9,0.463,0.238
S0007,MSF-MC10,0.441,0.364
S0007,AIF-OF1,0.286,0.067
S0007,AIF-OF2,0.276,0.122
S0007,AIF-OF3,0.396,0.069
S0007,AIF-OF4,0.378,0.134
S0007,AIF-OF5,0.404,0.117
S0007,AIF-OF6,0.454,0.217
S0007,AIF-OF7,0.538,0.131
S0007,AIF-OF8,0.392,0.183
S0007,AIF-OF9,0.427,0.124
S0007,AIF-OF10,0.337,0.079
S0007,AIF-OF11,0.413,0.029
S0007,AIF-OF12,0.358,0.021
S0007,AIF-OF13,0.434,0.019
S0007,AIF-OF14,0.585,0.037
S0007,ASF-AI1,0.849,0.308
S0007,ASF-AI2,0.875,0.325
S0007,ASF-AI3,0.814,0.241
S0007,ASF-AI4,0.785,0.309
S0007,ASF-AI5,0.539,0.212
S0007,ASF-AI6,0.66,0.085
S0007,ASF-AI7,0.732,0.065
S0007,ASF-AI8,0.69,0.141
S0007,ASF-AI9,0.419,0.252
S0007,ASF-AI10,0.567,0.177
S0007,ASF-AI11,0.525,0.097
S0007,ASF-AI12,0.308,0.126
S0007,ASF-AI13,0.478,0.145
S0007,ASF-AI14,0.563,0.222
S0007,ASF-AI15,0.645,0.162
S0007,ASF-AI16,0.708,0.18
S0007,PSF-PI1,0.079,0.1
S0007,PSF-PI2,0.002,0.006
S0007,PSF-PI3,0.0,0.0
S0007,PSF-PI4,0.0,0.0
S0007,PSF-PI5,0.0,0.0
S0007,PSF-PI6,0.021,0.0
S0007,PSF-PI7,0.259,0.0
S0007,PSF-PI8,0.196,0.0
S0007,PSF-PI9,0.467,0.008
S0007,PSF-PI10,0.577,0.0
S0007,PSF-PI11,0.63,0.0
S0007,PSF-PI12,0.841,0.804
S0007,PSF-PI13,0.352,0.484
S0007,PSF-PI14,0.641,0.42
S0007,PSF-PI15,0.778,0.565
S0007,MMF-PL1,0.753,0.169
S0007,MMF-PL2,0.564,0.333
S0007,MMF-PL3,0.426,0.725
S0007,MMF-PL4,0.14,0.388
S0007,MMF-PL5,0.12,0.142
S0007,MMF-PL6,0.265,0.343
S0007,MMF-PL7,0.415,0.238
S0007,MMF-PL8,0.57,0.433
S0007,MMF-PL9,0.184,0.168
S0007,MMF-PL10,0.345,0.007
S0007,AMF-AI1,0.668,0.132
S0007,AMF-AI3,0.046,0.327
S0007,AMF-AI4,0.0,0.313
S0007,AMF-AI5,0.0,0.11
S0007,AMF-AI6,0.042,0.496
S0007,AMF-AI7,0.157,0.74
S0007,AMF-AI8,0.447,0.059
S0007,LMF-PV1,0.606,0.034
S0007,LMF-PV2,0.677,0.011
S0007,LMF-PV3,0.687,0.01
S0007,LMF-PV4,0.677,0.003
S0007,LMF-PV5,0.672,0.007
S0007,LMF-PV6,0.568,0.009
S0007,LMF-PV7,0.533,0.017
S0007,LMF-PV8,0.534,0.016
S0007,LMF-PV9,0.511,0.019
S0007,LMF-PV10,0.586,0.077
S0010,LAC1,0.277,0.377
S0010,LAC2,0.364,0.376
S0010,LAC3,0.398,0.367
S0010,LAC4,0.443,0.371
S0010,LAC5,0.347,0.209
S0010,LAC6,0.514,0.353
S0010,LAC7,0.464,0.389
S0010,LAC8,0.533,0.414
S0010,LAC9,0.475,0.377
S0010,LAC10,0.46,0.402
S0010,LAH1,0.492,0.532
S0010,LAH2,0.476,0.615
S0010,LAH3,0.497,0.619
S0010,LAH4,0.449,0.417
S0010,LAH5,0.404,0.33
S0010,LAH6,0.398,0.222
S0010,LAH7,0.404,0.233
S0010,LAH8,0.255,0.162
S0010,LAH9,0.198,0.166
S0010,LAH10,0.089,0.084
S0010,LAH11,0.192,0.136
S0010,LAH12,0.28,0.173
S0010,LAH13,0.271,0.122
S0010,LAH14,0.411,0.096
S0010,RAC1,0.357,0.312
S0010,RAC2,0.281,0.316
S0010,RAC3,0.392,0.383
S0010,RAC4,0.349,0.215
S0010,RAC5,0.348,0.3
S0010,RAC6,0.462,0.441
S0010,RAC7,0.463,0.576
S0010,RAC8,0.477,0.527
S0010,RAC9,0.325,0.517
S0010,RAC10,0.486,0.536
S0010,RAC11,0.45,0.421
S0010,RAC12,0.591,0.514
S0010,RAI1,0.55,0.195
S0010,RAI2,0.261,0.165
S0010,RAI3,0.534,0.144
S0010,RAI4,0.552,0.339
S0010,RAI5,0.378,0.143
S0010,RAI6,0.457,0.38
S0010,RAI7,0.174,0.159
S0010,RAI8,0.173,0.082
S0010,RAI9,0.284,0.243
S0010,RAI10,0.487,0.442
S0010,RAMG1,0.362,0.652
S0010,RAMG2,0.27,0.597
S0010,RAMG3,0.371,0.57
S0010,RAMG4,0.43,0.54
S0010,RAMG5,0.358,0.546
S0010,RAMG6,0.369,0.541
S0010,RAMG7,0.372,0.492
S0010,RAMG8,0.321,0.328
S0010,RAMG9,0.38,0.258
S0010,RAMG10,0.321,0.247
S0010,RAMG11,0.34,0.224
S0010,RAMG12,0.367,0.262
S0010,RLOF1,0.422,0.332
S0010,RLOF2,0.507,0.458
S0010,RLOF3,0.669,0.471
S0010,RLOF4,0.641,0.446
S0010,RLOF5,0.582,0.345
S0010,RLOF6,0.569,0.365
S0010,RLOF7,0.548,0.348
S0010,RLOF8,0.542,0.28
S0010,RLOF9,0.587,0.357
S0010,RLOF10,0.386,0.313
S0010,RLOF11,0.442,0.429
S0010,RLOF12,0.429,0.306
S0010,LLOF1,0.375,0.268
S0010,LLOF2,0.463,0.367
S0010,LLOF3,0.565,0.379
S0010,LLOF4,0.463,0.372
S0010,LLOF5,0.487,0.36
S0010,LLOF6,0.475,0.364
S0010,LLOF7,0.492,0.39
S0010,LLOF9,0.498,0.356
S0010,LLOF10,0.496,0.404
S0010,LLOF11,0.57,0.406
S0010,LLOF12,0.531,0.401
S0010,LLOF13,0.548,0.458
S0010,LLOF14,0.56,0.42
S0010,RMC1,0.425,0.454
S0010,RMC2,0.427,0.286
S0010,RMC3,0.334,0.118
S0010,RMC4,0.555,0.25
S0010,RMC5,0.515,0.271
S0010,RMC6,0.413,0.271
S0010,RMC7,0.37,0.4
S0010,RMC8,0.3,0.358
S0010,RMC9,0.41,0.459
S0010,RMC10,0.176,0.386
S0010,RMC11,0.469,0.473
S0010,RMC12,0.393,0.554
S0010,RMH1,0.221,0.613
S0010,RMH2,0.192,0.586
S0010,RMH3,0.181,0.485
S0010,RMH4,0.145,0.401
S0010,RMH5,0.16,0.289
S0010,RMH6,0.17,0.346
S0010,RMH7,0.307,0.554
S0010,RMH8,0.343,0.408
S0010,RMH9,0.268,0.275
S0010,RMH10,0.16,0.166
S0010,RMH11,0.188,0.167
S0010,RMH12,0.235,0.134
S0010,RMOF1,0.475,0.485
S0010,RMOF2,0.52,0.594
S0010,RMOF3,0.413,0.384
S0010,RMOF4,0.347,0.368
S0010,RMOF5,0.454,0.394
S0010,RMOF6,0.401,0.36
S0010,RMOF7,0.402,0.291
S0010,RMOF8,0.435,0.338
S0010,RMOF9,0.426,0.286
S0010,RMOF10,0.619,0.462
S0010,RMOF11,0.391,0.302
S0010,RMOF12,0.526,0.668
S0010,RMOF13,0.613,0.806
S0010,RMOF14,0.578,0.711
S0010,RMOF15,0.494,0.514
S0010,RMOF16,0.597,0.482
S0010,RPA4,0.397,0.142
S0010,RPI1,0.187,0.133
S0010,RPI2,0.479,0.264
S0010,RPI3,0.497,0.296
S0010,RPI4,0.45,0.236
S0010,RPI5,0.211,0.08
S0010,RPI6,0.29,0.092
S0010,RPI7,0.403,0.152
S0010,RPI8,0.383,0.093
S0010,RPI9,0.413,0.074
S0010,RPI10,0.421,0.078
S0010,RPI11,0.386,0.051
S0010,RPI12,0.5,0.149
S0010,RTP1,0.257,0.299
S0010,RTP2,0.353,0.168
S0010,RTP3,0.407,0.162
S0010,RTP4,0.421,0.164
S0010,RTP5,0.469,0.102
S0010,RTP6,0.547,0.089
S0010,RTP7,0.563,0.192
S0010,RTP8,0.457,0.152
S0010,RTP9,0.499,0.143
S0010,RTP10,0.499,0.086
S0014,MTG-AH1,0.286,0.258
S0014,MTG-AH2,0.257,0.138
S0014,MTG-AH3,0.485,0.239
S0014,MTG-AH4,0.376,0.343
S0014,MTG-AH5,0.433,0.454
S0014,MTG-AH6,0.537,0.335
S0014,MTG-AH7,0.57,0.285
S0014,MTG-AH8,0.54,0.24
S0014,MTG-AH9,0.345,0.031
S0014,MTG-AH10,0.319,0.341
S0014,MTG-AH11,0.156,0.325
S0014,MTG-AH12,0.356,0.558
S0014,MTG-AH13,0.356,0.298
S0014,MTG-AH14,0.327,0.423
S0014,MTG-AH15,0.458,0.308
S0014,STG-HG1,0.0,0.0
S0014,STG-HG2,0.0,0.0
S0014,STG-HG3,0.0,0.0
S0014,STG-HG4,0.0,0.004
S0014,STG-HG5,0.0,0.041
S0014,STG-HG6,0.0,0.092
S0014,STG-HG7,0.012,0.067
S0014,STG-HG8,0.36,0.241
S0014,MTG-PH1,0.465,0.385
S0014,MTG-PH2,0.364,0.339
S0014,MTG-PH3,0.391,0.268
S0014,MTG-PH4,0.578,0.301
S0014,MTG-PH5,0.486,0.219
S0014,MTG-PH6,0.455,0.2
S0014,MTG-PH7,0.541,0.229
S0014,MTG-PH8,0.562,0.258
S0014,MTG-PH9,0.572,0.191
S0014,MTG-PH10,0.398,0.332
S0014,MTG-PH11,0.487,0.617
S0014,AG-PI1,0.175,0.0
S0014,AG-PI2,0.08,0.02
S0014,AG-PI3,0.076,0.011
S0014,AG-PI4,0.06,0.0
S0014,AG-PI5,0.134,0.0
S0014,AG-PI6,0.117,0.0
S0014,AG-PI7,0.415,0.086
S0014,AG-PI8,0.551,0.054
S0014,AG-PI9,0.727,0.397
S0014,AG-PI10,0.643,0.548
S0014,AG-PI11,0.598,0.36
S0014,AG-PI12,0.62,0.243
S0014,AG-PI14,0.747,0.54
S0014,IMF-AI1,0.54,0.07
S0014,IMF-AI2,0.424,0.177
S0014,IMF-AI3,0.625,0.224
S0014,IMF-AI4,0.702,0.306
S0014,IMF-AI5,0.778,0.35
S0014,IMF-AI6,0.77,0.49
S0014,IMF-AI7,0.736,0.586
S0014,IMF-AI8,0.753,0.588
S0014,IMF-AI9,0.683,0.607
S0014,IMF-AI10,0.543,0.681
S0014,SMFMOF1,0.44,0.39
S0014,SMFMOF2,0.66,0.321
S0014,SMFMOF3,0.45,0.268
S0014,SMFMOF4,0.501,0.413
S0014,SMFMOF5,0.577,0.416
S0014,SMFMOF6,0.565,0.448
S0014,SMFMOF7,0.613,0.458
S0014,SMFMOF8,0.603,0.387
S0014,SMFMOF9,0.598,0.398
S0014,SMFMOF10,0.643,0.407
S0014,SMFMOF11,0.598,0.546
S0014,SMFMOF12,0.574,0.792
S0014,SMFMOF13,0.535,0.673
S0014,SMFMOF14,0.619,0.58
S0014,SMFMOF15,0.649,0.579
S0014,SMFMOF16,0.618,0.508
S0014,MAFLOF1,0.37,0.269
S0014,MAFLOF2,0.45,0.329
S0014,MAFLOF3,0.638,0.279
S0014,MAFLOF4,0.663,0.233
S0014,MAFLOF5,0.698,0.183
S0014,MAFLOF6,0.752,0.338
S0014,MAFLOF7,0.724,0.511
S0014,MAFLOF8,0.712,0.671
S0014,MAFLOF9,0.525,0.61
S0014,MAFLOF10,0.488,0.595
S0014,MAFLOF11,0.716,0.622
S0014,MAFLOF12,0.68,0.602
S0014,MAFLOF13,0.497,0.579
S0014,MAFLOF14,0.658,0.578
S0014,MAFLOF15,0.604,0.629
S0014,MAFLOF16,0.615,0.557
S0014,MPF-AC1,0.603,0.347
S0014,MPF-AC2,0.613,0.254
S0014,MPF-AC3,0.6,0.247
S0014,MPF-AC4,0.606,0.226
S0014,MPF-AC5,0.655,0.369
S0014,MPF-AC6,0.626,0.356
S0014,MPF-AC7,0.625,0.343
S0014,MPF-AC8,0.656,0.379
S0014,MPF-AC9,0.673,0.365
S0014,MPF-AC10,0.696,0.4
S0014,MPF-AC11,0.574,0.469
S0014,MPF-AC12,0.387,0.489
S0014,MPF-AC13,0.424,0.485
S0014,MPF-AC14,0.684,0.489
S0015,AMT-AMG1,0.644,0.277
S0015,AMT-AMG2,0.785,0.399
S0015,AMT-AMG3,0.795,0.388
S0015,AMT-AMG4,0.844,0.425
S0015,AMT-AMG5,0.764,0.287
S0015,AMT-AMG6,0.746,0.308
S0015,AMT-AMG7,0.577,0.283
S0015,AMT-AMG8,0.564,0.256
S0015,AMT-AMG9,0.601,0.422
S0015,AMT-AMG10,0.558,0.226
S0015,AMT-AMG11,0.474,0.261
S0015,AMT-AMG12,0.452,0.243
S0015,AMT-AMG13,0.562,0.55
S0015,AMT-AMG14,0.529,0.559
S0015,MST-AHG1,0.516,0.485
S0015,MST-AHG2,0.494,0.522
S0015,MST-AHG3,0.43,0.675
S0015,MST-AHG4,0.519,0.564
S0015,MST-AHG5,0.505,0.452
S0015,MST-AHG6,0.509,0.309
S0015,MST-AHG7,0.485,0.181
S0015,MST-AHG8,0.466,0.195
S0015,MST-AHG9,0.275,0.355
S0015,MST-AHG10,0.383,0.426
S0015,MST-AHG11,0.166,0.131
S0015,MST-AHG12,0.025,0.032
S0015,MST-AHG13,0.003,0.016
S0015,MST-AHG14,0.011,0.046
S0015,PST-PHG1,0.418,0.544
S0015,PST-PHG2,0.627,0.669
S0015,PST-PHG3,0.61,0.734
S0015,PST-PHG4,0.318,0.352
S0015,PST-PHG5,0.322,0.197
S0015,PST-PHG6,0.174,0.08
S0015,PST-PHG7,0.041,0.073
S0015,PST-PHG8,0.119,0.155
S0015,PST-PHG9,0.039,0.046
S0015,PST-PHG10,0.006,0.015
S0015,PST-PHG11,0.002,0.01
S0015,PST-PHG12,0.001,0.014
S0015,PST-PHG13,0.0,0.002
S0015,PST-PHG14,0.0,0.0
S0015,MMF-LOF1,0.446,0.338
S0015,MMF-LOF2,0.45,0.427
S0015,MMF-LOF3,0.415,0.251
S0015,MMF-LOF4,0.258,0.138
S0015,MMF-LOF5,0.325,0.451
S0015,MMF-LOF6,0.401,0.26
S0015,MMF-LOF7,0.222,0.315
S0015,MMF-LOF8,0.45,0.266
S0015,MMF-LOF9,0.423,0.374
S0015,MMF-LOF10,0.592,0.407
S0015,MMF-LOF11,0.579,0.578
S0015,MMF-LOF12,0.533,0.61
S0015,MMF-LOF13,0.435,0.496
S0015,MMF-LOF14,0.281,0.225
S0015,MSF-MOF1,0.447,0.391
S0015,MSF-MOF2,0.516,0.294
S0015,MSF-MOF3,0.661,0.317
S0015,MSF-MOF4,0.561,0.351
S0015,MSF-MOF5,0.516,0.399
S0015,MSF-MOF6,0.464,0.42
S0015,MSF-MOF7,0.637,0.568
S0015,MSF-MOF8,0.478,0.429
S0015,MSF-MOF9,0.432,0.306
S0015,MSF-MOF10,0.402,0.303
S0015,MSF-MOF11,0.362,0.359
S0015,MSF-MOF12,0.526,0.354
S0015,MSF-MOF13,0.574,0.267
S0015,MSF-MOF14,0.517,0.361
S0015,MSF-MOF15,0.348,0.281
S0015,MSF-MOF16,0.534,0.4
S0015,MMF-AC1,0.615,0.339
S0015,MMF-AC2,0.585,0.218
S0015,MMF-AC3,0.438,0.18
S0015,MMF-AC4,0.455,0.183
S0015,MMF-AC5,0.442,0.166
S0015,MMF-AC6,0.47,0.351
S0015,MMF-AC7,0.395,0.186
S0015,MMF-AC8,0.371,0.222
S0015,MMF-AC9,0.401,0.244
S0015,MMF-AC10,0.581,0.21
S0015,MMF-AC11,0.472,0.312
S0015,MMF-AC12,0.442,0.22
S0015,MMF-AC13,0.498,0.154
S0015,MMF-AC14,0.443,0.163
S0015,PMF-MC1,0.554,0.32
S0015,PMF-MC2,0.524,0.181
S0015,PMF-MC3,0.496,0.155
S0015,PMF-MC4,0.5,0.139
S0015,PMF-MC5,0.447,0.125
S0015,PMF-MC6,0.478,0.097
S0015,PMF-MC7,0.426,0.056
S0015,PMF-MC8,0.374,0.09
S0015,PMF-MC9,0.34,0.077
S0015,PMF-MC10,0.315,0.076
S0015,PMF-MC11,0.405,0.193
S0015,PMF-MC12,0.689,0.247
S0015,PMF-MC13,0.53,0.245
S0015,PMF-MC14,0.488,0.285
S0015,MIF-AI1,0.497,0.263
S0015,MIF-AI2,0.338,0.194
S0015,MIF-AI3,0.452,0.157
S0015,MIF-AI4,0.333,0.259
S0015,MIF-AI5,0.411,0.31
S0015,MIF-AI6,0.466,0.545
S0015,MIF-AI7,0.471,0.491
S0015,MIF-AI8,0.376,0.418
S0015,SP-PI1,0.446,0.282
S0015,SP-PI2,0.349,0.179
S0015,SP-PI3,0.411,0.153
S0015,SP-PI4,0.221,0.052
S0015,SP-PI5,0.308,0.05
S0015,SP-PI6,0.531,0.229
S0015,SP-PI7,0.169,0.109
S0015,SP-PI8,0.093,0.066
S0015,SP-PI9,0.23,0.219
S0015,SP-PI10,0.397,0.175
S0015,SP-PI11,0.389,0.139
S0015,SP-PI12,0.66,0.453
S0015,SP-PI14,0.475,0.159
S0017,ASF-MOF1,0.702,0.158
S0017,ASF-MOF2,0.597,0.242
S0017,ASF-MOF3,0.598,0.165
S0017,ASF-MOF4,0.581,0.193
S0017,ASF-MOF5,0.534,0.203
S0017,ASF-MOF6,0.577,0.306
S0017,ASF-MOF7,0.612,0.3
S0017,ASF-MOF8,0.572,0.432
S0017,ASF-MOF9,0.491,0.388
S0017,ASF-MOF10,0.522,0.259
S0017,ASF-MOF11,0.518,0.33
S0017,ASF-MOF12,0.514,0.382
S0017,ASF-MOF13,0.529,0.473
S0017,ASF-MOF14,0.674,0.489
S0017,ASF-MOF15,0.702,0.342
S0017,AMF-LOF1,0.412,0.198
S0017,AMF-LOF2,0.274,0.318
S0017,AMF-LOF3,0.395,0.23
S0017,AMF-LOF4,0.278,0.36
S0017,AMF-LOF5,0.29,0.602
S0017,AMF-LOF6,0.283,0.591
S0017,AMF-LOF7,0.377,0.372
S0017,AMF-LOF8,0.293,0.345
S0017,AMF-LOF9,0.341,0.394
S0017,AMF-LOF10,0.361,0.605
S0017,AMF-LOF11,0.404,0.546
S0017,AMF-LOF12,0.456,0.406
S0017,AMF-LOF13,0.521,0.343
S0017,MSF-AC1,0.491,0.428
S0017,MSF-AC2,0.572,0.325
S0017,MSF-AC3,0.545,0.3
S0017,MSF-AC4,0.587,0.393
S0017,MSF-AC5,0.393,0.603
S0017,MSF-AC6,0.405,0.331
S0017,MSF-AC7,0.521,0.515
S0017,MSF-AC8,0.514,0.536
S0017,MSF-AC9,0.496,0.567
S0017,MSF-AC10,0.534,0.502
S0017,AIF-AI1,0.533,0.637
S0017,AIF-AI2,0.565,0.449
S0017,AIF-AI3,0.456,0.371
S0017,AIF-AI4,0.391,0.646
S0017,AIF-AI5,0.358,0.625
S0017,AIF-AI6,0.433,0.379
S0017,AIF-AI7,0.355,0.508
S0017,AIF-AI8,0.427,0.305
S0017,AMT-AMG1,0.486,0.241
S0017,AMT-AMG2,0.548,0.233
S0017,AMT-AMG3,0.531,0.187
S0017,AMT-AMG4,0.552,0.178
S0017,AMT-AMG5,0.592,0.114
S0017,AMT-AMG6,0.579,0.171
S0017,AMT-AMG7,0.573,0.261
S0017,AMT-AMG8,0.52,0.178
S0017,AMT-AMG9,0.729,0.199
S0017,AMT-AMG10,0.783,0.027
S0017,MMT-AH1,0.485,0.303
S0017,MMT-AH2,0.607,0.296
S0017,MMT-AH3,0.563,0.286
S0017,MMT-AH4,0.493,0.369
S0017,MMT-AH5,0.495,0.407
S0017,MMT-AH6,0.271,0.351
S0017,MMT-AH7,0.236,0.276
S0017,MMT-AH8,0.187,0.284
S0017,MMT-AH9,0.066,0.325
S0017,MMT-AH10,0.067,0.245
S0017,MMT-AH11,0.003,0.107
S0017,MMT-AH12,0.051,0.151
S0017,MMT-AH13,0.491,0.05
S0017,MMT-AH14,0.691,0.051
S0017,PMT-PH1,0.676,0.374
S0017,PMT-PH2,0.675,0.403
S0017,PMT-PH3,0.552,0.333
S0017,PMT-PH4,0.359,0.309
S0017,PMT-PH5,0.02,0.312
S0017,PMT-PH6,0.072,0.407
S0017,PMT-PH7,0.008,0.063
S0017,PMT-PH8,0.001,0.071
S0017,PMT-PH9,0.002,0.121
S0017,PMT-PH10,0.0,0.033
S0017,PMT-PH11,0.0,0.063
S0017,PMT-PH12,0.0,0.201
S0017,PMT-PH13,0.024,0.184
S0017,PMT-PH14,0.674,0.042
S0017,OP-PV1,0.558,0.152
S0017,OP-PV2,0.548,0.289
S0017,OP-PV3,0.544,0.163
S0017,OP-PV4,0.568,0.132
S0017,OP-PV5,0.581,0.113
S0017,OP-PV6,0.606,0.072
S0017,OP-PV7,0.615,0.162
S0017,OP-PV8,0.726,0.342
S0017,OP-PV9,0.71,0.678
S0017,OP-PV10,0.532,0.165
S0017,AIO-IPV1,0.589,0.103
S0017,AIO-IPV2,0.554,0.153
S0017,AIO-IPV3,0.521,0.22
S0017,AIO-IPV4,0.621,0.516
S0017,AIO-IPV5,0.485,0.366
S0017,AIO-IPV6,0.397,0.196
S0017,AIO-IPV8,0.453,0.02
S0017,SPP-PC1,0.496,0.243
S0017,SPP-PC2,0.521,0.264
S0017,SPP-PC3,0.469,0.26
S0017,SPP-PC4,0.504,0.435
S0017,SPP-PC5,0.343,0.384
S0017,SPP-PC6,0.511,0.367
S0017,SPP-PC7,0.531,0.291
S0017,SPP-PC8,0.506,0.238
S0017,SPP-PC9,0.428,0.277
S0017,SPP-PC10,0.403,0.373
S0017,SPP-PC11,0.448,0.452
S0017,SPP-PC12,0.495,0.308
S0017,SPP-PC13,0.502,0.397
S0017,SPP-PC14,0.46,0.242
S0017,AIP-PI1,0.519,0.203
S0017,AIP-PI2,0.514,0.356
S0017,AIP-PI3,0.33,0.448
S0017,AIP-PI4,0.304,0.388
S0017,AIP-PI5,0.416,0.14
S0017,AIP-PI6,0.339,0.048
S0017,AIP-PI7,0.322,0.08
S0017,AIP-PI8,0.33,0.135
S0017,AIP-PI9,0.344,0.198
S0017,AIP-PI10,0.489,0.141
S0018,AMF-OF'1,0.48,0.427
S0018,AMF-OF'2,0.509,0.502
S0018,AMF-OF'3,0.47,0.258
S0018,AMF-OF'4,0.437,0.216
S0018,AMF-OF'5,0.468,0.2
S0018,AMF-OF'6,0.463,0.15
S0018,AMF-OF'7,0.446,0.205
S0018,AMF-OF'8,0.442,0.199
S0018,AMF-OF'9,0.396,0.483
S0018,AMF-OF'10,0.248,0.46
S0018,AMF-OF'11,0.395,0.189
S0018,AMF-OF'12,0.382,0.435
S0018,AMF-OF'13,0.686,0.667
S0018,AMF-OF'14,0.685,0.546
S0018,AMF-OF'15,0.527,0.36
S0018,AMF-OF'16,0.583,0.391
S0018,AMF-AC'1,0.508,0.564
S0018,AMF-AC'2,0.481,0.479
S0018,AMF-AC'3,0.512,0.331
S0018,AMF-AC'4,0.419,0.193
S0018,AMF-AC'5,0.417,0.184
S0018,AMF-AC'6,0.466,0.198
S0018,AMF-AC'7,0.436,0.212
S0018,AMF-AC'8,0.427,0.202
S0018,AMF-AC'9,0.406,0.166
S0018,AMF-AC'10,0.414,0.154
S0018,AMF-AC'11,0.435,0.119
S0018,AMF-AC'12,0.429,0.073
S0018,AMF-AC'13,0.566,0.229
S0018,AMF-AC'14,0.464,0.171
S0018,AMF-AC'15,0.482,0.274
S0018,AMF-AC'16,0.403,0.084
S0018,PIF-AI'1,0.119,0.388
S0018,PIF-AI'2,0.201,0.826
S0018,PIF-AI'3,0.133,0.292
S0018,PIF-AI'4,0.255,0.345
S0018,PIF-AI'5,0.286,0.749
S0018,PIF-AI'6,0.297,0.872
S0018,PIF-AI'7,0.213,0.203
S0018,PIF-AI'8,0.254,0.311
S0018,AMT-Amg'1,0.537,0.473
S0018,AMT-Amg'2,0.561,0.522
S0018,AMT-Amg'3,0.561,0.513
S0018,AMT-Amg'4,0.473,0.384
S0018,AMT-Amg'5,0.457,0.332
S0018,AMT-Amg'6,0.431,0.393
S0018,AMT-Amg'7,0.415,0.267
S0018,AMT-Amg'8,0.467,0.281
S0018,AMT-Amg'9,0.454,0.549
S0018,AMT-Amg'10,0.445,0.512
S0018,AMT-Amg'11,0.426,0.591
S0018,AMT-Amg'12,0.435,0.605
S0018,AMT-Amg'13,0.466,0.483
S0018,AMT-Amg'14,0.593,0.383
S0018,MMT-AH'1,0.243,0.367
S0018,MMT-AH'2,0.448,0.426
S0018,MMT-AH'3,0.409,0.547
S0018,MMT-AH'4,0.464,0.425
S0018,MMT-AH'5,0.423,0.435
S0018,MMT-AH'6,0.39,0.384
S0018,MMT-AH'7,0.44,0.318
S0018,MMT-AH'8,0.424,0.291
S0018,MMT-AH'9,0.406,0.478
S0018,MMT-AH'10,0.516,0.618
S0018,MMT-AH'11,0.532,0.633
S0018,MMT-AH'12,0.462,0.461
S0018,PMT-PH'1,0.576,0.118
S0018,PMT-PH'2,0.466,0.279
S0018,PMT-PH'3,0.411,0.497
S0018,PMT-PH'4,0.422,0.445
S0018,PMT-PH'5,0.389,0.311
S0018,PMT-PH'6,0.287,0.28
S0018,PMT-PH'7,0.151,0.219
S0018,PMT-PH'8,0.232,0.747
S0018,PMT-PH'9,0.362,0.525
S0018,PMT-PH'10,0.26,0.487
S0018,PMT-PH'11,0.411,0.384
S0018,PMT-PH'12,0.686,0.05
S0018,MST-MI'1,0.436,0.365
S0018,MST-MI'2,0.379,0.502
S0018,MST-MI'3,0.386,0.635
S0018,MST-MI'4,0.325,0.667
S0018,MST-MI'5,0.217,0.302
S0018,MST-MI'6,0.326,0.461
S0018,MST-MI'7,0.476,0.07
S0018,MST-MI'8,0.144,0.325
S0018,MST-MI'9,0.254,0.257
S0018,MST-MI'10,0.618,0.075
S0018,PST-PI'1,0.03,0.126
S0018,PST-PI'2,0.01,0.037
S0018,PST-PI'3,0.007,0.065
S0018,PST-PI'4,0.01,0.067
S0018,PST-PI'5,0.001,0.018
S0018,PST-PI'6,0.053,0.121
S0018,PST-PI'7,0.585,0.278
S0018,PST-PI'8,0.667,0.041
S0018,ASP-PI'1,0.266,0.442
S0018,ASP-PI'2,0.094,0.165
S0018,ASP-PI'3,0.146,0.084
S0018,ASP-PI'4,0.247,0.068
S0018,ASP-PI'5,0.362,0.229
S0018,ASP-PI'6,0.148,0.038
S0018,ASP-PI'7,0.348,0.112
S0018,ASP-PI'8,0.439,0.129
S0018,ASP-PI'9,0.461,0.592
S0018,ASP-PI'10,0.485,0.649
S0018,ASP-PI'11,0.548,0.535
S0018,ASP-PI'12,0.553,0.41
S0018,ASP-PI'13,0.492,0.371
S0018,ASP-PI'14,0.493,0.47
S0018,ASP-PI'15,0.457,0.096
S0018,ASP-PI'16,0.524,0.07
S0018,POJ-PST'1,0.001,0.484
S0018,POJ-PST'2,0.0,0.014
S0018,POJ-PST'3,0.033,0.285
S0018,POJ-PST'4,0.009,0.142
S0018,POJ-PST'5,0.065,0.054
S0018,POJ-PST'6,0.334,0.394
S0018,POJ-PST'7,0.153,0.609
S0018,POJ-PST'8,0.298,0.235
S0018,POJ-PST'9,0.379,0.259
S0018,POJ-PST'10,0.326,0.566
S0018,POJ-PST'11,0.346,0.607
S0018,POJ-PST'12,0.35,0.363
S0018,POJ-PST'13,0.358,0.256
S0018,POJ-PST'14,0.648,0.028
S0018,PIF-AI1,0.448,0.443
S0018,PIF-AI2,0.444,0.436
S0018,PIF-AI3,0.354,0.326
S0018,PIF-AI4,0.214,0.593
S0018,PIF-AI5,0.172,0.388
S0018,PIF-AI6,0.448,0.574
S0018,PIF-AI7,0.308,0.55
S0018,PIF-AI8,0.459,0.099
S0018,PST-PI1,0.205,0.079
S0018,PST-PI2,0.013,0.006
S0018,PST-PI3,0.008,0.005
S0018,PST-PI4,0.002,0.001
S0018,PST-PI5,0.002,0.005
S0018,PST-PI6,0.008,0.027
S0018,PST-PI7,0.383,0.065
S0018,PST-PI8,0.235,0.482
S0019,LAH1,0.573,0.38
S0019,LAH2,0.479,0.565
S0019,LAH3,0.291,0.164
S0019,LAH4,0.255,0.104
S0019,LAH5,0.248,0.096
S0019,LAH6,0.218,0.091
S0019,LAH7,0.266,0.196
S0019,LAH8,0.222,0.203
S0019,LAT1,0.479,0.478
S0019,LAT2,0.298,0.135
S0019,LAT3,0.406,0.208
S0019,LAT4,0.46,0.197
S0019,LAT5,0.481,0.115
S0019,LAT6,0.55,0.222
S0019,LES1,0.26,0.107
S0019,LES2,0.426,0.126
S0019,LES3,0.306,0.037
S0019,LES4,0.304,0.075
S0019,LES5,0.33,0.031
S0019,LES6,0.418,0.051
S0019,LES7,0.377,0.05
S0019,LES8,0.38,0.074
S0019,LG10,0.563,0.425
S0019,LG11,0.407,0.351
S0019,LG12,0.409,0.32
S0019,LG13,0.384,0.434
S0019,LG14,0.257,0.265
S0019,LG15,0.271,0.473
S0019,LG16,0.509,0.75
S0019,LG17,0.652,0.693
S0019,LG18,0.545,0.373
S0019,LG19,0.509,0.439
S0019,LG1,0.433,0.267
S0019,LG20,0.674,0.57
S0019,LG21,0.0,0.027
S0019,LG22,0.0,0.0
S0019,LG23,0.0,0.013
S0019,LG24,0.01,0.686
S0019,LG25,0.21,0.468
S0019,LG26,0.023,0.63
S0019,LG27,0.0,0.011
S0019,LG28,0.0,0.0
S0019,LG29,0.0,0.0
S0019,LG2,0.122,0.176
S0019,LG30,0.01,0.0
S0019,LG31,0.01,0.0
S0019,LG32,0.311,0.108
S0019,LG33,0.403,0.097
S0019,LG34,0.103,0.002
S0019,LG35,0.048,0.003
S0019,LG36,0.008,0.001
S0019,LG37,0.19,0.02
S0019,LG38,0.082,0.183
S0019,LG39,0.125,0.004
S0019,LG3,0.315,0.227
S0019,LG40,0.598,0.542
S0019,LG41,0.419,0.164
S0019,LG42,0.611,0.341
S0019,LG43,0.665,0.061
S0019,LG44,0.299,0.0
S0019,LG45,0.073,0.0
S0019,LG46,0.167,0.108
S0019,LG47,0.292,0.352
S0019,LG48,0.579,0.029
S0019,LG49,0.435,0.186
S0019,LG4,0.407,0.306
S0019,LG50,0.249,0.012
S0019,LG51,0.007,0.0
S0019,LG52,0.126,0.002
S0019,LG53,0.129,0.0
S0019,LG54,0.229,0.031
S0019,LG55,0.204,0.382
S0019,LG56,0.262,0.278
S0019,LG57,0.396,0.346
S0019,LG58,0.352,0.278
S0019,LG59,0.45,0.208
S0019,LG5,0.169,0.195
S0019,LG60,0.257,0.069
S0019,LG61,0.003,0.0
S0019,LG62,0.532,0.351
S0019,LG63,0.946,0.843
S0019,LG64,0.921,0.934
S0019,LG6,0.746,0.783
S0019,LG7,0.381,0.211
S0019,LG8,0.281,0.245
S0019,LG9,0.518,0.252
S0019,LPF1,0.419,0.163
S0019,LPF2,0.324,0.136
S0019,LPF3,0.258,0.179
S0019,LPF4,0.275,0.263
S0019,LPF5,0.202,0.17
S0019,LPF6,0.32,0.144
S0019,LPF7,0.38,0.13
S0019,LPF8,0.384,0.107
S0019,LPH1,0.334,0.228
S0019,LPH2,0.379,0.293
S0019,LPH3,0.132,0.159
S0019,LPH4,0.483,0.229
S0019,LPH5,0.388,0.258
S0019,LPH6,0.426,0.004
S0020,SMF-AC1,0.315,0.513
S0020,SMF-AC2,0.323,0.585
S0020,SMF-AC3,0.254,0.186
S0020,SMF-AC4,0.178,0.079
S0020,SMF-AC5,0.101,0.049
S0020,SMF-AC6,0.13,0.025
S0020,SMF-AC7,0.089,0.032
S0020,SMF-AC8,0.222,0.049
S0020,AIF-OF1,0.466,0.166
S0020,AIF-OF2,0.384,0.063
S0020,AIF-OF3,0.302,0.105
S0020,AIF-OF4,0.355,0.287
S0020,AIF-OF5,0.402,0.367
S0020,AIF-OF6,0.3,0.323
S0020,AIF-OF7,0.276,0.334
S0020,AIF-OF8,0.171,0.429
S0020,AIF-OF9,0.271,0.514
S0020,AIF-OF10,0.37,0.474
S0020,AIF-OF11,0.294,0.421
S0020,AIF-OF12,0.339,0.372
S0020,AIF-OF13,0.207,0.313
S0020,AIF-OF14,0.25,0.319
S0020,AIF-OF15,0.477,0.561
S0020,AIF-OF16,0.596,0.747
S0020,PIF-AI1,0.194,0.048
S0020,PIF-AI2,0.247,0.139
S0020,PIF-AI3,0.444,0.237
S0020,PIF-AI4,0.317,0.185
S0020,PIF-AI5,0.151,0.071
S0020,PIF-AI6,0.142,0.225
S0020,PIF-AI7,0.222,0.438
S0020,PIF-AI8,0.074,0.119
S0020,PIF-MI1,0.004,0.006
S0020,PIF-MI2,0.0,0.002
S0020,PIF-MI3,0.0,0.0
S0020,PIF-MI4,0.0,0.0
S0020,PIF-MI5,0.0,0.0
S0020,PIF-MI6,0.0,0.0
S0020,PIF-MI7,0.0,0.0
S0020,PIF-MI8,0.0,0.0
S0020,PIF-MI9,0.0,0.0
S0020,PIF-MI10,0.005,0.002
S0020,AIP-PI1,0.001,0.003
S0020,AIP-PI2,0.0,0.0
S0020,AIP-PI3,0.0,0.0
S0020,AIP-PI4,0.0,0.0
S0020,AIP-PI5,0.0,0.0
S0020,AIP-PI6,0.0,0.001
S0020,AIP-PI7,0.0,0.011
S0020,AIP-PI8,0.002,0.04
S0020,AIP-PI9,0.015,0.068
S0020,AIP-PI10,0.001,0.025
S0020,AIP-PI11,0.009,0.03
S0020,AIP-PI12,0.013,0.015
S0020,PT-MT1,0.157,0.1
S0020,PT-MT2,0.185,0.181
S0020,PT-MT3,0.26,0.283
S0020,PT-MT4,0.205,0.381
S0020,PT-MT5,0.115,0.318
S0020,PT-MT6,0.142,0.408
S0020,PT-MT7,0.209,0.766
S0020,PT-MT8,0.099,0.549
S0020,PT-MT9,0.051,0.188
S0020,PT-MT10,0.094,0.033
S0020,PT-MT11,0.122,0.016
S0020,PT-MT12,0.246,0.034
S0020,PT-MT13,0.499,0.03
S0020,PT-MT14,0.901,0.021
S0020,PT-MT15,0.902,0.014
S0020,PT-MT16,0.775,0.002
S0020,IMF-AC'1,0.468,0.467
S0020,IMF-AC'2,0.155,0.096
S0020,IMF-AC'3,0.134,0.06
S0020,IMF-AC'4,0.144,0.041
S0020,IMF-AC'5,0.143,0.046
S0020,IMF-AC'6,0.174,0.053
S0020,IMF-AC'7,0.235,0.068
S0020,IMF-AC'8,0.683,0.218
S0020,AIP-OF'1,0.477,0.134
S0020,AIP-OF'2,0.368,0.084
S0020,AIP-OF'3,0.332,0.116
S0020,AIP-OF'4,0.379,0.316
S0020,AIP-OF'5,0.447,0.412
S0020,AIP-OF'6,0.473,0.403
S0020,AIP-OF'7,0.351,0.541
S0020,AIP-OF'8,0.356,0.529
S0020,AIP-OF'9,0.426,0.413
S0020,AIP-OF'10,0.415,0.368
S0020,AIP-OF'11,0.51,0.519
S0020,AIP-OF'12,0.557,0.543
S0020,PIF-AI'1,0.37,0.044
S0020,PIF-AI'2,0.358,0.041
S0020,PIF-AI'3,0.38,0.02
S0020,PIF-AI'4,0.339,0.013
S0020,PIF-AI'5,0.122,0.0
S0020,PIF-AI'6,0.214,0.009
S0020,PIF-AI'7,0.512,0.279
S0020,PIF-AI'8,0.521,0.356
S0020,PIF-MI'1,0.328,0.325
S0020,PIF-MI'2,0.113,0.007
S0020,PIF-MI'3,0.093,0.002
S0020,PIF-MI'4,0.205,0.019
S0020,PIF-MI'5,0.525,0.198
S0020,PIF-MI'6,0.404,0.028
S0020,PIF-MI'7,0.315,0.001
S0020,PIF-MI'8,0.246,0.04
S0021,PSF-PC'1,0.489,0.5
S0021,PSF-PC'2,0.556,0.62
S0021,PSF-PC'3,0.524,0.695
S0021,PSF-PC'4,0.404,0.457
S0021,PSF-PC'5,0.465,0.605
S0021,PSF-PC'6,0.515,0.587
S0021,PSF-PC'7,0.389,0.689
S0021,PSF-PC'8,0.408,0.62
S0021,PSF-PC'9,0.438,0.573
S0021,PSF-PC'10,0.454,0.059
S0021,PSF-PC'11,0.567,0.424
S0021,PSF-PC'12,0.561,0.47
S0021,PMF-MC'1,0.639,0.576
S0021,PMF-MC'2,0.713,0.553
S0021,PMF-MC'3,0.625,0.358
S0021,PMF-MC'4,0.553,0.408
S0021,PMF-MC'5,0.541,0.534
S0021,PMF-MC'6,0.514,0.684
S0021,PMF-MC'7,0.38,0.608
S0021,PMF-MC'8,0.476,0.576
S0021,PMF-MC'9,0.57,0.727
S0021,PMF-MC'10,0.566,0.582
S0021,PIF-MI'1,0.525,0.731
S0021,PIF-MI'2,0.439,0.453
S0021,PIF-MI'3,0.473,0.692
S0021,PIF-MI'4,0.522,0.605
S0021,PIF-MI'5,0.446,0.574
S0021,PIF-MI'6,0.498,0.606
S0021,PIF-MI'7,0.399,0.47
S0021,PIF-MI'8,0.36,0.568
S0021,ASP-PI'1,0.374,0.446
S0021,ASP-PI'2,0.439,0.549
S0021,ASP-PI'3,0.471,0.534
S0021,ASP-PI'4,0.559,0.457
S0021,ASP-PI'5,0.381,0.167
S0021,ASP-PI'6,0.496,0.077
S0021,ASP-PI'7,0.586,0.049
S0021,ASP-PI'8,0.462,0.045
S0021,ASP-PI'9,0.421,0.236
S0021,ASP-PI'10,0.418,0.366
S0021,PIP-PC'1,0.411,0.786
S0021,PIP-PC'2,0.504,0.916
S0021,PIP-PC'3,0.509,0.831
S0021,PIP-PC'4,0.67,0.736
S0021,PIP-PC'5,0.642,0.508
S0021,PIP-PC'6,0.423,0.471
S0021,PIP-PC'7,0.447,0.564
S0021,PIP-PC'8,0.568,0.732
S0021,PIP-PC'9,0.382,0.758
S0021,PIP-PC'10,0.222,0.837
S0021,PIP-PC'11,0.546,0.703
S0021,PIP-PC'12,0.62,0.757
S0021,PIP-PC'13,0.634,0.657
S0021,PIP-PC'14,0.582,0.578
S0021,LMO-OP'1,0.679,0.469
S0021,LMO-OP'2,0.692,0.458
S0021,LMO-OP'3,0.65,0.424
S0021,LMO-OP'4,0.723,0.491
S0021,LMO-OP'5,0.691,0.439
S0021,LMO-OP'6,0.69,0.506
S0021,LMO-OP'7,0.703,0.574
S0021,LMO-OP'8,0.732,0.633
S0021,LMO-OP'9,0.732,0.643
S0021,LMO-OP'10,0.744,0.568
S0021,LIO-MO'1,0.632,0.56
S0021,LIO-MO'2,0.608,0.481
S0021,LIO-MO'3,0.584,0.398
S0021,LIO-MO'4,0.566,0.377
S0021,LIO-MO'5,0.598,0.412
S0021,LIO-MO'6,0.595,0.439
S0021,LIO-MO'7,0.675,0.531
S0021,LIO-MO'8,0.688,0.51
S0021,LIO-MO'9,0.688,0.554
S0021,LIO-MO'10,0.72,0.509
S0021,PMF-MC1,0.704,0.304
S0021,PMF-MC2,0.603,0.789
S0021,PMF-MC3,0.61,0.595
S0021,PMF-MC4,0.476,0.395
S0021,PMF-MC5,0.571,0.43
S0021,PMF-MC6,0.478,0.318
S0021,PMF-MC7,0.431,0.181
S0021,PMF-MC8,0.486,0.231
S0021,PMF-MC9,0.481,0.086
S0021,PMF-MC10,0.601,0.056
S0021,PMF-MC11,0.428,0.136
S0021,PMF-MC12,0.564,0.049
S0021,PMF-MC13,0.44,0.166
S0021,PMF-MC14,0.375,0.261
S0021,PMF-MC15,0.354,0.114
S0021,PMF-MC16,0.363,0.072
S0021,PIF-MI1,0.242,0.705
S0021,PIF-MI2,0.648,0.234
S0021,PIF-MI3,0.621,0.16
S0021,PIF-MI4,0.361,0.356
S0021,PIF-MI5,0.422,0.386
S0021,PIF-MI6,0.435,0.14
S0021,PIF-MI7,0.501,0.063
S0021,PIF-MI8,0.488,0.035
S0021,AP-PI1,0.5,0.474
S0021,AP-PI2,0.511,0.84
S0021,AP-PI3,0.214,0.696
S0021,AP-PI4,0.348,0.564
S0021,AP-PI5,0.331,0.035
S0021,AP-PI6,0.517,0.007
S0021,AP-PI7,0.57,0.0
S0021,AP-PI8,0.489,0.0
S0021,AP-PI9,0.475,0.004
S0021,AP-PI10,0.413,0.382
S0023,ASF-MOF1,0.591,0.008
S0023,ASF-MOF2,0.544,0.041
S0023,ASF-MOF3,0.406,0.037
S0023,ASF-MOF4,0.481,0.017
S0023,ASF-MOF5,0.74,0.099
S0023,ASF-MOF6,0.408,0.098
S0023,ASF-MOF7,0.608,0.194
S0023,ASF-MOF8,0.723,0.029
S0023,ASF-MOF9,0.408,0.136
S0023,ASF-MOF10,0.572,0.433
S0023,ASF-MOF11,0.609,0.423
S0023,ASF-MOF12,0.443,0.227
S0023,ASF-MOF13,0.665,0.677
S0023,ASF-MOF14,0.453,0.325
S0023,ASF-MOF15,0.615,0.756
S0023,ASF-MOF16,0.529,0.052
S0023,AMF-LOF1,0.241,0.14
S0023,AMF-LOF2,0.375,0.048
S0023,AMF-LOF3,0.372,0.033
S0023,AMF-LOF4,0.186,0.003
S0023,AMF-LOF5,0.541,0.202
S0023,AMF-LOF6,0.674,0.269
S0023,AMF-LOF7,0.769,0.769
S0023,AMF-LOF8,0.503,0.439
S0023,AMF-LOF9,0.48,0.704
S0023,AMF-LOF10,0.606,0.259
S0023,AMF-LOF11,0.655,0.402
S0023,AMF-LOF12,0.312,0.193
S0023,AMF-LOF13,0.62,0.135
S0023,AMF-LOF14,0.569,0.025
S0023,AIF-OF1,0.562,0.116
S0023,AIF-OF2,0.759,0.026
S0023,AIF-OF3,0.616,0.005
S0023,AIF-OF4,0.651,0.051
S0023,AIF-OF5,0.446,0.188
S0023,AIF-OF6,0.427,0.197
S0023,AIF-OF7,0.443,0.332
S0023,AIF-OF8,0.504,0.153
S0023,AIF-OF9,0.39,0.034
S0023,AIF-OF10,0.689,0.028
S0023,AIF-OF11,0.663,0.015
S0023,AIF-OF12,0.654,0.14
S0023,AIF-OF13,0.428,0.091
S0023,AIF-OF14,0.504,0.047
S0023,AIF-AC1,0.547,0.028
S0023,AIF-AC2,0.681,0.011
S0023,AIF-AC3,0.775,0.006
S0023,AIF-AC4,0.45,0.105
S0023,AIF-AC5,0.616,0.271
S0023,AIF-AC6,0.625,0.191
S0023,AIF-AC7,0.833,0.178
S0023,AIF-AC8,0.434,0.399
S0023,AIF-AC9,0.268,0.022
S0023,AIF-AC10,0.271,0.065
S0023,AIF-AC11,0.32,0.085
S0023,AIF-AC12,0.358,0.147
S0023,AIF-AC13,0.659,0.445
S0023,AIF-AC14,0.452,0.314
S0023,AIF-AC15,0.251,0.57
S0023,AIF-AC16,0.324,0.648
S0023,AMF-AC1,0.183,0.098
S0023,AMF-AC2,0.139,0.044
S0023,AMF-AC3,0.22,0.044
S0023,AMF-AC4,0.191,0.126
S0023,AMF-AC5,0.191,0.202
S0023,AMF-AC6,0.361,0.284
S0023,AMF-AC7,0.654,0.662
S0023,AMF-AC8,0.413,0.706
S0023,AMF-AC9,0.777,0.768
S0023,AMF-AC10,0.313,0.155
S0023,AMF-AC11,0.298,0.006
S0023,AMF-AC12,0.532,0.007
S0023,MSF-MC1,0.373,0.133
S0023,MSF-MC2,0.232,0.236
S0023,MSF-MC3,0.447,0.219
S0023,MSF-MC4,0.57,0.266
S0023,MSF-MC5,0.588,0.219
S0023,MSF-MC6,0.67,0.246
S0023,MSF-MC7,0.489,0.388
S0023,MSF-MC8,0.647,0.655
S0023,MSF-MC9,0.644,0.382
S0023,MSF-MC10,0.627,0.309
S0023,MMF-AI1,0.588,0.309
S0023,MMF-AI2,0.077,0.015
S0023,MMF-AI3,0.136,0.166
S0023,MMF-AI4,0.448,0.276
S0023,MMF-AI5,0.508,0.567
S0023,MMF-AI6,0.623,0.69
S0023,MMF-AI7,0.449,0.769
S0023,MMF-AI8,0.445,0.447
S0023,MMF-AI9,0.479,0.516
S0023,MMF-AI10,0.483,0.619
S0023,MMF-AI11,0.386,0.382
S0023,MMF-AI12,0.208,0.012
S0023,PIF-PSI1,0.835,0.0
S0023,PIF-PSI2,0.488,0.0
S0023,PIF-PSI3,0.413,0.0
S0023,PIF-PSI4,0.438,0.0
S0023,PIF-PSI5,0.688,0.0
S0023,PIF-PSI6,0.874,0.0
S0023,PIF-PSI7,0.724,0.076
S0023,PIF-PSI8,0.708,0.829
S0023,PMF-PC1,0.408,0.122
S0023,PMF-PC2,0.596,0.253
S0023,PMF-PC3,0.751,0.404
S0023,PMF-PC4,0.111,0.352
S0023,PMF-PC5,0.53,0.092
S0023,PMF-PC6,0.202,0.152
S0023,PMF-PC7,0.499,0.563
S0023,PMF-PC8,0.53,0.817
S0023,PMF-PC9,0.641,0.573
S0023,PMF-PC10,0.503,0.561
S0023,PMF-PC11,0.21,0.75
S0023,PMF-PC12,0.373,0.071
S0023,AMT-AMG1,0.552,0.0
S0023,AMT-AMG2,0.492,0.0
S0023,AMT-AMG3,0.296,0.0
S0023,AMT-AMG4,0.612,0.0
S0023,AMT-AMG5,0.318,0.0
S0023,AMT-AMG6,0.541,0.0
S0023,AMT-AMG7,0.729,0.001
S0023,AMT-AMG8,0.724,0.024
S0023,AMT-AMG9,0.653,0.058
S0023,AMT-AMG10,0.198,0.087
S0023,AMT-AMG11,0.149,0.051
S0023,AMT-AMG12,0.247,0.187
S0023,AMT-AMG13,0.314,0.007
S0023,AMT-AMG14,0.372,0.013
S0023,PST-HG1,0.483,0.192
S0023,PST-HG2,0.449,0.091
S0023,PST-HG3,0.369,0.239
S0023,PST-HG4,0.905,0.532
S0023,PST-HG5,0.5,0.247
S0023,PST-HG6,0.179,0.186
S0023,PST-HG7,0.525,0.478
S0023,PST-HG8,0.358,0.283
S0023,PST-HG9,0.005,0.001
S0023,PST-HG10,0.002,0.004
S0023,PST-HG11,0.017,0.001
S0023,PST-HG12,0.0,0.0
S0023,PST-HG13,0.0,0.0
S0023,PST-HG14,0.574,0.226
S0024,'AIF-OF1,0.308,0.431
S0024,'AIF-OF2,0.441,0.499
S0024,'AIF-OF3,0.353,0.383
S0024,'AIF-OF4,0.468,0.542
S0024,'AIF-OF5,0.324,0.435
S0024,'AIF-OF6,0.368,0.345
S0024,'AIF-OF7,0.485,0.335
S0024,'AIF-OF8,0.37,0.329
S0024,'AIF-OF9,0.33,0.284
S0024,'AIF-OF10,0.395,0.398
S0024,'AIF-OF11,0.413,0.477
S0024,'AIF-OF12,0.517,0.727
S0024,'AMF-POF1,0.571,0.187
S0024,'AMF-POF2,0.472,0.312
S0024,'AMF-POF3,0.435,0.318
S0024,'AMF-POF4,0.527,0.48
S0024,'AMF-POF5,0.519,0.46
S0024,'AMF-POF6,0.533,0.514
S0024,'AMF-POF7,0.53,0.46
S0024,'AMF-POF8,0.404,0.331
S0024,'AMF-POF9,0.373,0.25
S0024,'AMF-POF10,0.353,0.381
S0024,'AMF-POF11,0.388,0.369
S0024,'AMF-POF12,0.464,0.478
S0024,'AMF-POF13,0.478,0.435
S0024,'AMF-POF14,0.527,0.048
S0024,'MIF-ASI1,0.365,0.306
S0024,'MIF-ASI2,0.523,0.401
S0024,'MIF-ASI3,0.271,0.089
S0024,'MIF-ASI4,0.429,0.372
S0024,'MIF-ASI5,0.43,0.314
S0024,'MIF-ASI6,0.474,0.555
S0024,'MIF-ASI7,0.297,0.606
S0024,'MIF-ASI8,0.555,0.987
S0024,'PIF-MAI1,0.335,0.218
S0024,'PIF-MAI2,0.452,0.285
S0024,'PIF-MAI3,0.414,0.087
S0024,'PIF-MAI4,0.266,0.0
S0024,'PIF-MAI5,0.402,0.0
S0024,'PIF-MAI6,0.395,0.0
S0024,'PIF-MAI7,0.507,0.003
S0024,'PIF-MAI8,0.482,0.021
S0024,'PIF-MAI9,0.581,0.019
S0024,'PIF-MAI10,0.591,0.849
S0024,'ASF-AC1,0.594,0.669
S0024,'ASF-AC2,0.507,0.662
S0024,'ASF-AC3,0.439,0.662
S0024,'ASF-AC4,0.505,0.618
S0024,'ASF-AC5,0.496,0.615
S0024,'ASF-AC6,0.495,0.658
S0024,'ASF-AC7,0.479,0.547
S0024,'ASF-AC8,0.37,0.584
S0024,'ASF-AC9,0.496,0.562
S0024,'ASF-AC10,0.344,0.456
S0024,'ASF-AC11,0.373,0.411
S0024,'ASF-AC12,0.454,0.369
S0024,'ASF-AC13,0.497,0.438
S0024,'ASF-AC14,0.604,0.238
S0024,'MSF-AC1,0.426,0.551
S0024,'MSF-AC2,0.435,0.594
S0024,'MSF-AC3,0.379,0.514
S0024,'MSF-AC4,0.502,0.584
S0024,'MSF-AC5,0.511,0.505
S0024,'MSF-AC6,0.451,0.436
S0024,'MSF-AC7,0.473,0.5
S0024,'MSF-AC8,0.551,0.465
S0024,'PSF-MC1,0.613,0.624
S0024,'PSF-MC2,0.485,0.465
S0024,'PSF-MC3,0.495,0.397
S0024,'PSF-MC4,0.321,0.458
S0024,'PSF-MC5,0.417,0.48
S0024,'PSF-MC6,0.559,0.62
S0024,'PSF-MC7,0.583,0.67
S0024,'PSF-MC8,0.613,0.667
S0024,'PSF-MC9,0.598,0.669
S0024,'PSF-MC10,0.537,0.599
S0024,'PMF-MMI1,0.34,0.29
S0024,'PMF-MMI2,0.326,0.332
S0024,'PMF-MMI3,0.383,0.14
S0024,'PMF-MMI4,0.419,0.224
S0024,'PMF-MMI5,0.445,0.262
S0024,'PMF-MMI6,0.396,0.263
S0024,'PMF-MMI7,0.483,0.387
S0024,'PMF-MMI8,0.344,0.352
S0024,'PMF-MMI9,0.38,0.332
S0024,'PMF-MMI10,0.39,0.372
S0024,'PMF-MMI11,0.39,0.327
S0024,'PMF-MMI12,0.451,0.242
S0024,'PMF-MMI13,0.494,0.313
S0024,'PMF-MMI14,0.441,0.323
S0024,'PMF-MC1,0.497,0.547
S0024,'PMF-MC2,0.504,0.579
S0024,'PMF-MC3,0.533,0.499
S0024,'PMF-MC4,0.531,0.528
S0024,'PMF-MC5,0.392,0.412
S0024,'PMF-MC6,0.382,0.513
S0024,'PMF-MC7,0.449,0.409
S0024,'PMF-MC8,0.436,0.447
S0024,'PMF-MC9,0.464,0.363
S0024,'PMF-MC10,0.409,0.423
S0024,'MST-AMG1,0.39,0.368
S0024,'MST-AMG2,0.551,0.618
S0024,'MST-AMG3,0.753,0.724
S0024,'MST-AMG4,0.565,0.661
S0024,'MST-AMG5,0.275,0.569
S0024,'MST-AMG6,0.511,0.758
S0024,'MST-AMG7,0.374,0.615
S0024,'MST-AMG8,0.329,0.662
S0024,'MST-AMG9,0.401,0.669
S0024,'MST-AMG10,0.37,0.462
S0024,'MST-AMG11,0.346,0.506
S0024,'MST-AMG12,0.518,0.939
S0026,'AIF-OF1,0.594,0.781
S0026,'AIF-OF2,0.594,0.65
S0026,'AIF-OF3,0.593,0.513
S0026,'AIF-OF4,0.518,0.433
S0026,'AIF-OF5,0.492,0.542
S0026,'AIF-OF6,0.538,0.567
S0026,'AIF-OF7,0.561,0.477
S0026,'AIF-OF8,0.463,0.462
S0026,'AIF-OF9,0.562,0.673
S0026,'AIF-OF10,0.412,0.782
S0026,'AIF-OF11,0.416,0.798
S0026,'AIF-OF12,0.454,0.799
S0026,'AIF-AI1,0.345,0.03
S0026,'AIF-AI2,0.314,0.194
S0026,'AIF-AI3,0.461,0.628
S0026,'AIF-AI4,0.085,0.564
S0026,'AIF-AI5,0.236,0.299
S0026,'AIF-AI6,0.566,0.123
S0026,'AIF-AI7,0.342,0.631
S0026,'AIF-AI8,0.477,0.924
S0026,'PIF-PAI1,0.537,0.471
S0026,'PIF-PAI2,0.515,0.275
S0026,'PIF-PAI3,0.439,0.041
S0026,'PIF-PAI4,0.281,0.007
S0026,'PIF-PAI5,0.295,0.0
S0026,'PIF-PAI6,0.399,0.001
S0026,'PIF-PAI7,0.314,0.0
S0026,'PIF-PAI8,0.273,0.0
S0026,'MMF-AC1,0.447,0.32
S0026,'MMF-AC2,0.544,0.526
S0026,'MMF-AC3,0.406,0.653
S0026,'MMF-AC4,0.389,0.689
S0026,'MMF-AC5,0.367,0.749
S0026,'MMF-AC6,0.485,0.757
S0026,'MMF-AC7,0.408,0.741
S0026,'MMF-AC8,0.316,0.761
S0026,'MMF-AC9,0.468,0.835
S0026,'MMF-AC10,0.422,0.916
S0026,'PSF-MC1,0.61,0.155
S0026,'PSF-MC2,0.674,0.013
S0026,'PSF-MC3,0.464,0.0
S0026,'PSF-MC4,0.488,0.005
S0026,'PSF-MC5,0.484,0.114
S0026,'PSF-MC6,0.417,0.285
S0026,'PSF-MC7,0.38,0.407
S0026,'PSF-MC8,0.391,0.416
S0026,'PSF-MC9,0.428,0.304
S0026,'PSF-MC10,0.49,0.349
S0026,'PSF-MC11,0.441,0.945
S0026,'PSF-MC12,0.546,0.451
S0026,'PSP-LG1,0.707,0.264
S0026,'PSP-LG2,0.573,0.369
S0026,'PSP-LG3,0.601,0.493
S0026,'PSP-LG4,0.566,0.698
S0026,'PSP-LG5,0.619,0.54
S0026,'PSP-LG6,0.608,0.449
S0026,'PSP-LG7,0.587,0.63
S0026,'PSP-LG8,0.514,0.473
S0026,'PSP-LG9,0.61,0.268
S0026,'PSP-LG10,0.565,0.396
S0026,'PSP-LG11,0.598,0.308
S0026,'PSP-LG12,0.734,0.379
S0026,'PSP-LG13,0.702,0.459
S0026,'PSP-LG14,0.703,0.458
S0026,'PSP-LG15,0.547,0.384
S0026,'PSP-LG16,0.623,0.4
S0026,'AST-AT1,0.512,0.543
S0026,'AST-AT2,0.557,0.624
S0026,'AST-AT3,0.527,0.542
S0026,'AST-AT4,0.441,0.534
S0026,'AST-AT5,0.519,0.52
S0026,'AST-AT6,0.501,0.577
S0026,'AST-AT7,0.463,0.459
S0026,'AST-AT8,0.38,0.434
S0026,'AST-AT9,0.451,0.498
S0026,'AST-AT10,0.47,0.844
S0026,'AIT-AMG1,0.584,0.759
S0026,'AIT-AMG2,0.591,0.485
S0026,'AIT-AMG3,0.538,0.484
S0026,'AIT-AMG4,0.555,0.48
S0026,'AIT-AMG5,0.537,0.515
S0026,'AIT-AMG6,0.468,0.603
S0026,'AIT-AMG7,0.502,0.663
S0026,'AIT-AMG8,0.6,0.695
S0026,'AIT-AMG9,0.523,0.764
S0026,'AIT-AMG10,0.464,0.752
S0026,'AIT-AMG11,0.431,0.807
S0026,'AIT-AMG12,0.42,0.899
S0026,'MMT-AH1,0.575,0.597
S0026,'MMT-AH2,0.621,0.612
S0026,'MMT-AH3,0.562,0.585
S0026,'MMT-AH4,0.607,0.619
S0026,'MMT-AH5,0.517,0.725
S0026,'MMT-AH6,0.511,0.635
S0026,'MMT-AH7,0.328,0.695
S0026,'MMT-AH8,0.178,0.531
S0026,'MMT-AH9,0.295,0.658
S0026,'MMT-AH10,0.15,0.237
S0026,'MMT-AH11,0.146,0.578
S0026,'MMT-AH12,0.285,0.663
S0026,'MMT-AH13,0.113,0.59
S0026,'MMT-AH14,0.197,0.926
S0026,'PST-PH1,0.537,0.616
S0026,'PST-PH2,0.617,0.64
S0026,'PST-PH3,0.549,0.56
S0026,'PST-PH4,0.516,0.202
S0026,'PST-PH5,0.597,0.538
S0026,'PST-PH6,0.44,0.508
S0026,'PST-PH7,0.204,0.581
S0026,'PST-PH8,0.389,0.592
S0026,'PST-PH9,0.237,0.37
S0026,'PST-PH10,0.184,0.044
S0026,'PST-PH11,0.032,0.0
S0026,'PST-PH12,0.0,0.0
S0026,'PST-PH13,0.0,0.0
S0026,'PST-PH14,0.0,0.0
S0026,'PST-PH15,0.454,0.993
S0026,'PST-PH16,0.543,0.422
TCH06,RPILG1,0.335,0.623
TCH06,RPILG2,0.244,0.357
TCH06,RPILG3,0.114,0.206
TCH06,RPILG4,0.005,0.006
TCH06,RPILG5,0.0,0.0
TCH06,RPILG6,0.013,0.012
TCH06,RPILG7,0.114,0.169
TCH06,RPILG8,0.657,0.532
TCH06,RPILG9,0.676,0.721
TCH06,RPILG10,0.668,0.69
TCH06,RPILG11,0.811,0.857
TCH06,RPILG12,0.701,0.621
TCH06,RPILG13,0.916,0.888
TCH06,RPILG14,0.786,0.944
TCH06,LOT1,0.349,0.33
TCH06,LOT2,0.244,0.26
TCH06,LOT3,0.405,0.478
TCH06,LOT4,0.396,0.327
TCH06,LOT5,0.296,0.503
TCH06,LOT6,0.269,0.498
TCH06,LOT7,0.154,0.267
TCH06,LOT8,0.653,0.458
TCH06,LOT9,0.549,0.173
TCH06,LOT10,0.586,0.153
TCH06,LOT11,0.576,0.178
TCH06,LOT12,0.514,0.265
TCH06,LOT13,0.505,0.271
TCH06,LOT14,0.35,0.097
TCH06,ROT1,0.618,0.417
TCH06,ROT2,0.208,0.378
TCH06,ROT3,0.162,0.339
TCH06,ROT4,0.365,0.676
TCH06,ROT5,0.538,0.636
TCH06,ROT6,0.559,0.593
TCH06,ROT7,0.416,0.499
TCH06,ROT8,0.198,0.222
TCH06,ROT9,0.271,0.302
TCH06,ROT10,0.447,0.477
TCH06,ROT11,0.445,0.56
TCH06,ROT12,0.515,0.746
TCH06,ROT13,0.483,0.82
TCH06,ROT14,0.559,0.826
TCH06,RCMN1,0.564,0.438
TCH06,RCMN2,0.691,0.379
TCH06,RCMN3,0.652,0.499
TCH06,RCMN4,0.603,0.465
TCH06,RCMN5,0.553,0.487
TCH06,RCMN6,0.602,0.54
TCH06,RCMN7,0.611,0.491
TCH06,RCMN8,0.492,0.372
TCH06,RCMN9,0.524,0.323
TCH06,RCMN10,0.376,0.28
TCH06,RCMN11,0.233,0.301
TCH06,RCMN12,0.241,0.524
TCH06,RCMN13,0.207,0.546
TCH06,RCMN14,0.294,0.534
TCH06,RANT1,0.7,0.276
TCH06,RANT2,0.702,0.53
TCH06,RANT3,0.555,0.575
TCH06,RANT4,0.547,0.593
TCH06,RANT5,0.451,0.645
TCH06,RANT6,0.485,0.611
TCH06,RANT7,0.425,0.729
TCH06,RANT8,0.295,0.635
TCH06,RANT9,0.233,0.659
TCH06,RANT10,0.265,0.632
TCH06,RANT11,0.214,0.357
TCH06,RANT12,0.274,0.241
TCH06,RANT13,0.567,0.322
TCH06,RANT14,0.706,0.44
TCH06,RAISG1,0.655,0.419
TCH06,RAISG2,0.405,0.395
TCH06,RAISG3,0.664,0.2
TCH06,RAISG4,0.497,0.624
TCH06,RAISG5,0.243,0.336
TCH06,RAISG6,0.222,0.14
TCH06,RAISG7,0.211,0.123
TCH06,RAISG8,0.277,0.537
TCH06,RAISG9,0.329,0.557
TCH06,RAISG10,0.272,0.608
TCH06,RAISG11,0.457,0.748
TCH06,RAISG12,0.331,0.674
TCH06,RFP1,0.338,0.754
TCH06,RFP2,0.329,0.599
TCH06,RFP3,0.43,0.423
TCH06,RFP4,0.412,0.374
TCH06,RFP5,0.432,0.388
TCH06,RFP6,0.556,0.332
TCH06,RFP7,0.721,0.81
TCH06,RFP8,0.494,0.839
TCH06,RFP9,0.558,0.799
TCH06,RFP10,0.481,0.699
TCH06,RFP11,0.559,0.733
TCH06,RFP12,0.556,0.697
TCH06,RACING1,0.482,0.386
TCH06,RACING2,0.666,0.386
TCH06,RACING3,0.614,0.431
TCH06,RACING4,0.65,0.462
TCH06,RACING5,0.546,0.386
TCH06,RACING6,0.631,0.859
TCH06,RACING7,0.682,0.879
TCH06,RACING8,0.745,0.56
TCH06,RACING9,0.673,0.539
TCH06,RACING10,0.692,0.389
TCH06,RTG1,0.0,0.0
TCH06,RTG2,0.0,0.0
TCH06,RTG3,0.0,0.0
TCH06,RTG4,0.0,0.005
TCH06,RTG5,0.0,0.0
TCH06,RTG6,0.0,0.0
TCH06,RTG7,0.0,0.0
TCH06,RTG8,0.034,0.071
TCH06,RSF1,0.816,0.765
TCH06,RSF2,0.049,0.067
TCH06,RSF3,0.005,0.013
TCH06,RSF4,0.004,0.001
TCH06,RSF5,0.128,0.001
TCH06,RSF6,0.589,0.0
TCH06,RSF7,0.428,0.0
TCH06,RSF8,0.477,0.194
TCH06,RMF1,0.253,0.0
TCH06,RMF2,0.0,0.0
TCH06,RMF3,0.012,0.0
TCH06,RMF4,0.211,0.0
TCH06,RMF5,0.17,0.0
TCH06,RMF6,0.215,0.001
TCH06,RMF7,0.593,0.608
TCH06,RMF8,0.566,0.666
TCH06,RPOP1,0.001,0.008
TCH06,RPOP2,0.0,0.0
TCH06,RPOP3,0.0,0.0
TCH06,RPOP4,0.0,0.0
TCH06,RPOP5,0.0,0.0
TCH06,RPOP6,0.612,0.428
TCH06,RFEF1,0.893,0.987
TCH06,RFEF2,0.471,0.857
TCH06,RFEF3,0.534,0.545
TCH06,RFEF4,0.815,0.943
TCH06,RFEF5,0.862,0.988
TCH06,RFEF6,0.837,0.98
TCH06,RSTS1,0.294,0.352
TCH06,RSTS2,0.104,0.3
TCH06,RSTS3,0.176,0.309
TCH06,RSTS4,0.228,0.178
TCH06,RSTS5,0.058,0.004
TCH06,RSTS6,0.662,0.338
TCH06,RML1,0.47,0.06
TCH06,RML2,0.233,0.886
TCH06,RML3,0.179,0.87
TCH06,RML4,0.158,0.874
TCH06,RML5,0.252,0.896
TCH06,RML6,0.551,0.903
TCH06,RSMG1,0.516,0.588
TCH06,RSMG2,0.085,0.18
TCH06,RSMG3,0.016,0.198
TCH06,RSMG4,0.0,0.177
TCH06,RSMG5,0.035,0.213
TCH06,RSMG6,0.683,0.395
TCH06,RFOP1,0.274,0.357
TCH06,RFOP2,0.128,0.174
TCH06,RFOP3,0.122,0.458
TCH06,RFOP4,0.123,0.676
TCH06,RFOP5,0.373,0.648
TCH06,RFOP6,0.523,0.67
TCH06,RMH1,0.99,0.99
TCH06,RMH2,0.923,0.993
TCH06,RMH3,0.782,0.989
TCH06,RMH4,0.87,0.979
TCH06,RMH5,0.872,0.988
TCH06,RMH6,0.872,0.943
TCH06,RSL1,0.503,0.845
TCH06,RSL2,0.297,0.855
TCH06,RSL3,0.184,0.854
TCH06,RSL4,0.137,0.799
TCH06,RSL5,0.375,0.871
TCH06,RSL6,0.808,0.527
TCH06,RSMA1,0.629,0.769
TCH06,RSMA2,0.549,0.643
TCH06,RSMA3,0.581,0.548
TCH06,RSMA4,0.689,0.882
TCH06,RSMA5,0.783,0.912
TCH06,RSMA6,0.676,0.899
TCH06,RSH1,0.999,0.982
TCH06,RSH2,0.99,0.959
TCH06,RSH3,0.999,0.998
TCH06,RSH4,0.897,0.936
TCH14,ROT1,0.547,0.022
TCH14,ROT2,0.346,0.556
TCH14,ROT3,0.37,0.514
TCH14,ROT4,0.396,0.461
TCH14,ROT5,0.353,0.444
TCH14,ROT6,0.31,0.317
TCH14,ROT7,0.312,0.132
TCH14,ROT8,0.194,0.167
TCH14,ROT9,0.176,0.11
TCH14,ROT10,0.211,0.067
TCH14,ROT11,0.202,0.059
TCH14,ROT12,0.29,0.12
TCH14,ROT13,0.4,0.077
TCH14,ROT14,0.489,0.118
TCH14,LOT1,0.672,0.099
TCH14,LOT2,0.669,0.141
TCH14,LOT3,0.674,0.193
TCH14,LOT4,0.711,0.297
TCH14,LOT5,0.722,0.32
TCH14,LOT6,0.542,0.468
TCH14,LOT7,0.237,0.377
TCH14,LOT8,0.333,0.555
TCH14,LOT9,0.589,0.243
TCH14,LOT10,0.897,0.271
TCH14,LOT11,0.263,0.279
TCH14,LOT12,0.52,0.156
TCH14,LOT13,0.359,0.188
TCH14,LOT14,0.482,0.23
TCH14,LPILG1,0.637,0.053
TCH14,LPILG2,0.198,0.301
TCH14,LPILG3,0.586,0.299
TCH14,LPILG4,0.136,0.06
TCH14,LPILG5,0.355,0.018
TCH14,LPILG6,0.52,0.143
TCH14,LPILG7,0.084,0.013
TCH14,LPILG8,0.25,0.0
TCH14,LPILG9,0.294,0.002
TCH14,LPILG10,0.704,0.1
TCH14,LPILG11,0.681,0.05
TCH14,LPILG12,0.951,0.922
TCH14,LPILG13,0.984,0.952
TCH14,LPILG14,0.837,0.707
TCH14,LPIALG1,0.442,0.06
TCH14,LPIALG2,0.447,0.182
TCH14,LPIALG3,0.304,0.293
TCH14,LPIALG4,0.359,0.158
TCH14,LPIALG5,0.664,0.561
TCH14,LPIALG6,0.515,0.0
TCH14,LPIALG7,0.047,0.001
TCH14,LPIALG8,0.361,0.0
TCH14,LPIALG9,0.261,0.0
TCH14,LPIALG10,0.906,0.0
TCH14,LPIALG11,0.979,0.869
TCH14,LPIALG12,0.974,0.878
TCH14,LPIALG13,0.966,0.754
TCH14,LPIALG14,0.999,0.983
TCH14,LAISG1,0.596,0.194
TCH14,LAISG2,0.226,0.21
TCH14,LAISG3,0.315,0.103
TCH14,LAISG4,0.281,0.098
TCH14,LAISG5,0.503,0.018
TCH14,LAISG6,0.664,0.059
TCH14,LAISG7,0.749,0.06
TCH14,LAISG8,0.782,0.153
TCH14,LAISG9,0.486,0.125
TCH14,LAISG10,0.422,0.094
TCH14,LAISG11,0.549,0.033
TCH14,LAISG12,0.758,0.163
TCH14,LAISG13,0.536,0.65
TCH14,LAISG14,0.628,0.184
TCH14,LCMN1,0.813,0.12
TCH14,LCMN2,0.679,0.051
TCH14,LCMN3,0.689,0.037
TCH14,LCMN4,0.702,0.045
TCH14,LCMN5,0.674,0.05
TCH14,LCMN6,0.639,0.044
TCH14,LCMN7,0.681,0.036
TCH14,LCMN8,0.707,0.026
TCH14,LCMN9,0.59,0.129
TCH14,LCMN10,0.341,0.116
TCH14,LCMN11,0.252,0.318
TCH14,LCMN12,0.25,0.377
TCH14,LCMN13,0.39,0.769
TCH14,LCMN14,0.645,0.54
TCH14,RANT1,0.78,0.024
TCH14,RANT2,0.667,0.039
TCH14,RANT3,0.543,0.071
TCH14,RANT4,0.658,0.015
TCH14,RANT5,0.524,0.022
TCH14,RANT6,0.505,0.034
TCH14,RANT7,0.434,0.235
TCH14,RANT8,0.316,0.08
TCH14,RANT9,0.132,0.111
TCH14,RANT10,0.711,0.167
TCH14,RANT11,0.31,0.131
TCH14,RANT12,0.246,0.038
TCH14,RANT13,0.741,0.246
TCH14,RANT14,0.696,0.239
TCH14,LAIMSG1,0.385,0.359
TCH14,LAIMSG2,0.686,0.238
TCH14,LAIMSG3,0.502,0.475
TCH14,LAIMSG4,0.513,0.071
TCH14,LAIMSG5,0.069,0.643
TCH14,LAIMSG6,0.468,0.058
TCH14,LAIMSG7,0.257,0.238
TCH14,LAIMSG8,0.252,0.34
TCH14,LAIMSG9,0.427,0.542
TCH14,LAIMSG10,0.43,0.533
TCH14,LAIMSG11,0.565,0.478
TCH14,LAIMSG12,0.471,0.567
TCH14,LAIMSG13,0.409,0.254
TCH14,LAIMSG14,0.539,0.064
TCH14,LANT1,0.735,0.014
TCH14,LANT2,0.607,0.018
TCH14,LANT3,0.499,0.011
TCH14,LANT4,0.536,0.213
TCH14,LANT5,0.288,0.003
TCH14,LANT6,0.459,0.024
TCH14,LANT7,0.302,0.324
TCH14,LANT8,0.405,0.476
TCH14,LANT9,0.316,0.356
TCH14,LANT10,0.242,0.182
TCH14,LANT11,0.72,0.155
TCH14,LANT12,0.273,0.434
TCH14,LANT13,0.585,0.013
TCH14,LANT14,0.875,0.024
TCH14,LANGT1,0.799,0.076
TCH14,LANGT2,0.792,0.065
TCH14,LANGT3,0.777,0.074
TCH14,LANGT4,0.734,0.052
TCH14,LANGT5,0.746,0.063
TCH14,LANGT6,0.702,0.066
TCH14,LANGT7,0.7,0.105
TCH14,LANGT8,0.556,0.425
TCH14,LANGT9,0.491,0.653
TCH14,LANGT10,0.383,0.55
TCH14,LANGT11,0.289,0.299
TCH14,LANGT12,0.609,0.109
TCH14,LANGT13,0.677,0.052
TCH14,LANGT14,0.694,0.055
TCH14,LUNC1,0.731,0.056
TCH14,LUNC2,0.752,0.039
TCH14,LUNC3,0.763,0.023
TCH14,LUNC4,0.742,0.018
TCH14,LUNC5,0.709,0.033
TCH14,LUNC6,0.582,0.047
TCH14,LUNC7,0.613,0.022
TCH14,LUNC8,0.548,0.022
TCH14,LUNC9,0.653,0.05
TCH14,LUNC10,0.608,0.059
TCH14,LML1,0.472,0.418
TCH14,LML2,0.578,0.373
TCH14,LML3,0.465,0.432
TCH14,LML4,0.858,0.506
TCH14,LML5,0.899,0.86
TCH14,LML6,0.749,0.433
TCH14,RSMA1,0.544,0.255
TCH14,RSMA2,0.642,0.205
TCH14,RSMA3,0.914,0.035
TCH14,RSMA4,0.975,0.023
TCH14,RSMA5,0.632,0.0
TCH14,RSMA6,0.313,0.006
TCH14,LSMA1,0.458,0.586
TCH14,LSMA2,0.898,0.441
TCH14,LSMA3,0.639,0.475
TCH14,LSMA4,0.483,0.499
TCH14,LSMA5,0.509,0.166
TCH14,LSMA6,0.679,0.214
TCH14,LPCUN1,0.498,0.658
TCH14,LPCUN2,0.348,0.491
TCH14,LPCUN3,0.512,0.299
TCH14,LPCUN4,0.6,0.324
TCH14,LPCUN5,0.35,0.226
TCH14,LPCUN6,0.849,0.082
TCH14,LSHP1,0.553,0.338
TCH14,LSHP2,0.385,0.241
TCH14,LSHP3,0.743,0.612
TCH14,LSHP4,0.691,0.441
TCH14,LSHP5,0.911,0.737
TCH14,LSHP6,0.875,0.637
TCH14,LSPL1,0.457,0.587
TCH14,LSPL2,0.727,0.124
TCH14,LSPL3,0.402,0.393
TCH14,LSPL4,0.448,0.703
TCH14,LSPL5,0.6,0.525
TCH14,LSPL6,0.952,0.196
TCH14,LFEF1,0.453,0.487
TCH14,LFEF2,0.664,0.072
TCH14,LFEF3,0.367,0.658
TCH14,LFEF4,0.113,0.534
TCH14,LFEF5,0.339,0.197
TCH14,LFEF6,0.672,0.249
TCH14,LAG1,0.218,0.847
TCH14,LAG2,0.317,0.829
TCH14,LAG3,0.736,0.61
TCH14,LAG4,0.665,0.571
TCH14,LAG5,0.914,0.332
TCH14,LAG6,0.991,0.045
TCH14,LSH1,0.361,0.12
TCH14,LSH2,0.781,0.46
TCH14,LSH3,0.937,0.673
TCH14,LSH4,0.527,0.248
TCH14,LSH5,0.804,0.319
TCH14,LSH6,0.809,0.377
TCH14,LSL1,0.405,0.223
TCH14,LSL2,0.208,0.1
TCH14,LSL3,0.573,0.29
TCH14,LSL4,0.21,0.194
TCH14,LSL5,0.461,0.372
TCH14,LSL6,0.592,0.449
TCH14,LPOT1,0.44,0.323
TCH14,LPOT2,0.556,0.205
TCH14,LPOT3,0.488,0.051
TCH14,LPOT4,0.469,0.349
TCH14,LPOT5,0.911,0.005
TCH14,LPOT6,0.936,0.006
TCH14,LIPS1,0.504,0.433
TCH14,LIPS2,0.713,0.463
TCH14,LIPS3,0.545,0.516
TCH14,LIPS4,0.777,0.318
TCH14,LIPS5,0.627,0.101
TCH14,LIPS6,0.996,0.012
TCH14,LSTG1,0.0,0.257
TCH14,LSTG2,0.037,0.861
TCH14,LSTG3,0.0,0.0
TCH14,LSTG4,0.0,0.0
TCH14,LSTG5,0.496,0.093
TCH14,LSTG6,0.608,0.128
TCH14,RSF1,0.391,0.035
TCH14,RSF2,0.676,0.339
TCH14,RSF3,0.39,0.048
TCH14,RSF4,0.59,0.091
TCH14,RSF5,0.713,0.412
TCH14,RSF6,0.698,0.406
TCH14,LSA1,0.985,0.964
TCH14,LSA2,0.986,0.925
TCH14,LSA3,0.837,0.598
TCH14,LSA4,0.866,0.472
TCH14,LMH1,0.929,0.729
TCH14,LMH2,0.962,0.875
TCH14,LMH3,0.848,0.558
TCH14,LMH4,0.841,0.654
TCH14,LIPL1,0.499,0.38
TCH14,LIPL2,0.449,0.479
TCH14,LIPL3,0.551,0.603
TCH14,LIPL4,0.827,0.197
TCH14,LSMG1,0.477,0.944
TCH14,LSMG2,0.155,0.988
TCH14,LSMG3,0.569,0.763
TCH14,LSMG4,0.35,0.258
TCH14,LMA1,0.812,0.029
TCH14,LMA2,0.995,0.869
TCH14,LMA3,1.0,0.97
TCH14,LMA4,0.89,0.633
TCH14,EKG1,0.567,0.022
